,date,type,value
0,2021-02-27,DistanceWalkingRunning,4.53714
1,2021-02-27,FlightsClimbed,7.0
2,2021-02-27,StepCount,6074.0
3,2021-02-28,DistanceWalkingRunning,3.02745
4,2021-02-28,FlightsClimbed,3.0
5,2021-02-28,StepCount,4081.0
6,2021-03-01,DistanceWalkingRunning,5.38046
7,2021-03-01,FlightsClimbed,17.0
8,2021-03-01,StepCount,7778.0
9,2021-03-02,DistanceWalkingRunning,3.00442
10,2021-03-02,FlightsClimbed,4.0
11,2021-03-02,StepCount,3961.0
12,2021-03-03,DistanceWalkingRunning,4.43423
13,2021-03-03,FlightsClimbed,27.0
14,2021-03-03,StepCount,6229.0
15,2021-03-04,DistanceWalkingRunning,3.51007
16,2021-03-04,FlightsClimbed,4.0
17,2021-03-04,StepCount,5147.0
18,2021-03-05,DistanceWalkingRunning,3.16527
19,2021-03-05,FlightsClimbed,12.0
20,2021-03-05,StepCount,4575.0
21,2021-03-06,DistanceWalkingRunning,8.78458
22,2021-03-06,FlightsClimbed,11.0
23,2021-03-06,StepCount,13047.0
24,2021-03-07,DistanceWalkingRunning,4.20408
25,2021-03-07,FlightsClimbed,3.0
26,2021-03-07,StepCount,5597.0
27,2021-03-08,DistanceWalkingRunning,0.32521
28,2021-03-08,StepCount,488.0
29,2021-03-09,DistanceWalkingRunning,0.19451000000000002
30,2021-03-09,StepCount,303.0
31,2021-03-10,DistanceWalkingRunning,2.11865
32,2021-03-10,FlightsClimbed,1.0
33,2021-03-10,StepCount,2849.0
34,2021-03-11,DistanceWalkingRunning,0.45792
35,2021-03-11,FlightsClimbed,1.0
36,2021-03-11,StepCount,645.0
37,2021-03-12,DistanceWalkingRunning,0.51718
38,2021-03-12,StepCount,752.0
39,2021-03-13,DistanceWalkingRunning,0.42345
40,2021-03-13,StepCount,631.0
41,2021-03-14,DistanceWalkingRunning,4.51483
42,2021-03-14,FlightsClimbed,6.0
43,2021-03-14,StepCount,6778.0
44,2021-03-15,DistanceWalkingRunning,2.2487399999999997
45,2021-03-15,FlightsClimbed,12.0
46,2021-03-15,StepCount,3490.0
47,2021-03-16,DistanceWalkingRunning,0.3412
48,2021-03-16,StepCount,486.0
49,2021-03-17,DistanceWalkingRunning,2.46603
50,2021-03-17,FlightsClimbed,21.0
51,2021-03-17,StepCount,3874.0
52,2021-03-18,DistanceWalkingRunning,2.69426
53,2021-03-18,FlightsClimbed,18.0
54,2021-03-18,StepCount,3870.0
55,2021-03-19,DistanceWalkingRunning,1.8837191
56,2021-03-19,FlightsClimbed,6.0
57,2021-03-19,StepCount,2742.0
58,2021-03-20,DistanceWalkingRunning,0.21635000000000001
59,2021-03-20,StepCount,325.0
60,2021-03-21,DistanceWalkingRunning,3.23572
61,2021-03-21,FlightsClimbed,7.0
62,2021-03-21,StepCount,4361.0
63,2021-03-22,DistanceWalkingRunning,2.0114900000000002
64,2021-03-22,FlightsClimbed,10.0
65,2021-03-22,StepCount,3188.0
66,2021-03-23,DistanceWalkingRunning,2.6754700000000002
67,2021-03-23,FlightsClimbed,9.0
68,2021-03-23,StepCount,3733.0
69,2021-03-24,DistanceWalkingRunning,2.56619
70,2021-03-24,FlightsClimbed,14.0
71,2021-03-24,StepCount,3986.0
72,2021-03-25,DistanceWalkingRunning,1.53451
73,2021-03-25,FlightsClimbed,3.0
74,2021-03-25,StepCount,2080.0
75,2021-03-26,DistanceWalkingRunning,0.51532
76,2021-03-26,StepCount,767.0
77,2021-03-27,DistanceWalkingRunning,2.37588
78,2021-03-27,FlightsClimbed,1.0
79,2021-03-27,StepCount,3270.0
80,2021-03-28,DistanceWalkingRunning,0.35094000000000003
81,2021-03-28,StepCount,518.0
82,2021-03-29,DistanceWalkingRunning,2.03829
83,2021-03-29,FlightsClimbed,11.0
84,2021-03-29,StepCount,2877.0
85,2021-03-30,DistanceWalkingRunning,5.70367
86,2021-03-30,FlightsClimbed,14.0
87,2021-03-30,StepCount,7958.0
88,2021-03-31,DistanceWalkingRunning,2.5470800000000002
89,2021-03-31,FlightsClimbed,18.0
90,2021-03-31,StepCount,3892.0
91,2021-04-01,DistanceWalkingRunning,4.00491
92,2021-04-01,FlightsClimbed,18.0
93,2021-04-01,StepCount,6587.0
94,2021-04-02,DistanceWalkingRunning,0.53276
95,2021-04-02,StepCount,764.0
96,2021-04-03,DistanceWalkingRunning,2.11226
97,2021-04-03,FlightsClimbed,8.0
98,2021-04-03,StepCount,2987.0
99,2021-04-04,DistanceWalkingRunning,0.25241
100,2021-04-04,StepCount,382.0
101,2021-04-05,DistanceWalkingRunning,6.40275
102,2021-04-05,FlightsClimbed,39.0
103,2021-04-05,StepCount,9100.0
104,2021-04-06,DistanceWalkingRunning,1.44621
105,2021-04-06,FlightsClimbed,3.0
106,2021-04-06,StepCount,1954.0
107,2021-04-07,DistanceWalkingRunning,0.38766
108,2021-04-07,StepCount,567.0
109,2021-04-08,DistanceWalkingRunning,0.21744
110,2021-04-08,StepCount,313.0
111,2021-04-09,DistanceWalkingRunning,0.20243
112,2021-04-09,StepCount,278.0
113,2021-04-10,DistanceWalkingRunning,0.24614
114,2021-04-10,StepCount,350.0
115,2021-04-11,DistanceWalkingRunning,0.31211
116,2021-04-11,StepCount,450.0
117,2021-04-12,DistanceWalkingRunning,2.08815
118,2021-04-12,FlightsClimbed,14.0
119,2021-04-12,StepCount,2955.0
120,2021-04-13,DistanceWalkingRunning,5.33509
121,2021-04-13,FlightsClimbed,9.0
122,2021-04-13,StepCount,7733.0
123,2021-04-14,DistanceWalkingRunning,1.8122
124,2021-04-14,FlightsClimbed,10.0
125,2021-04-14,StepCount,2842.0
126,2021-04-15,DistanceWalkingRunning,1.96062
127,2021-04-15,FlightsClimbed,11.0
128,2021-04-15,StepCount,3029.0
129,2021-04-16,DistanceWalkingRunning,4.5671
130,2021-04-16,FlightsClimbed,2.0
131,2021-04-16,StepCount,6109.0
132,2021-04-17,DistanceWalkingRunning,5.61301
133,2021-04-17,FlightsClimbed,13.0
134,2021-04-17,StepCount,7609.0
135,2021-04-18,DistanceWalkingRunning,2.66712
136,2021-04-18,FlightsClimbed,3.0
137,2021-04-18,StepCount,4386.0
138,2021-04-19,DistanceWalkingRunning,4.58747
139,2021-04-19,FlightsClimbed,27.0
140,2021-04-19,StepCount,6784.0
141,2021-04-20,DistanceWalkingRunning,1.48314
142,2021-04-20,FlightsClimbed,4.0
143,2021-04-20,StepCount,2432.0
144,2021-04-21,DistanceWalkingRunning,2.30408
145,2021-04-21,FlightsClimbed,17.0
146,2021-04-21,StepCount,3737.0
147,2021-04-22,DistanceWalkingRunning,2.70886
148,2021-04-22,FlightsClimbed,20.0
149,2021-04-22,StepCount,4144.0
150,2021-04-23,DistanceWalkingRunning,2.67204
151,2021-04-23,FlightsClimbed,10.0
152,2021-04-23,StepCount,3700.0
153,2021-04-24,DistanceWalkingRunning,1.71299
154,2021-04-24,FlightsClimbed,8.0
155,2021-04-24,StepCount,2598.0
156,2021-04-25,DistanceWalkingRunning,1.75315
157,2021-04-25,FlightsClimbed,2.0
158,2021-04-25,StepCount,2980.0
159,2021-04-26,DistanceWalkingRunning,1.71719
160,2021-04-26,FlightsClimbed,9.0
161,2021-04-26,StepCount,2601.0
162,2021-04-27,DistanceWalkingRunning,0.38689
163,2021-04-27,StepCount,577.0
164,2021-04-28,DistanceWalkingRunning,1.76787
165,2021-04-28,FlightsClimbed,8.0
166,2021-04-28,StepCount,2658.0
167,2021-04-29,DistanceWalkingRunning,2.64142
168,2021-04-29,FlightsClimbed,20.0
169,2021-04-29,StepCount,4112.0
170,2021-04-30,DistanceWalkingRunning,3.88266
171,2021-04-30,FlightsClimbed,7.0
172,2021-04-30,StepCount,5281.0
173,2021-05-01,DistanceWalkingRunning,4.36206
174,2021-05-01,FlightsClimbed,4.0
175,2021-05-01,StepCount,7583.0
176,2021-05-02,DistanceWalkingRunning,2.47566
177,2021-05-02,FlightsClimbed,2.0
178,2021-05-02,StepCount,4463.0
179,2021-05-03,DistanceWalkingRunning,2.08086
180,2021-05-03,FlightsClimbed,16.0
181,2021-05-03,StepCount,3144.0
182,2021-05-04,DistanceWalkingRunning,0.33725
183,2021-05-04,StepCount,486.0
184,2021-05-05,DistanceWalkingRunning,2.53176
185,2021-05-05,FlightsClimbed,18.0
186,2021-05-05,StepCount,3818.0
187,2021-05-06,DistanceWalkingRunning,3.048
188,2021-05-06,FlightsClimbed,26.0
189,2021-05-06,StepCount,4502.0
190,2021-05-07,DistanceWalkingRunning,2.3066299999999997
191,2021-05-07,FlightsClimbed,2.0
192,2021-05-07,StepCount,4003.0
193,2021-05-08,DistanceWalkingRunning,2.04929
194,2021-05-08,FlightsClimbed,18.0
195,2021-05-08,StepCount,3066.0
196,2021-05-09,DistanceWalkingRunning,3.06151
197,2021-05-09,StepCount,5329.0
198,2021-05-10,DistanceWalkingRunning,4.63809
199,2021-05-10,FlightsClimbed,8.0
200,2021-05-10,StepCount,7632.0
201,2021-05-11,DistanceWalkingRunning,0.36372
202,2021-05-11,StepCount,525.0
203,2021-05-12,DistanceWalkingRunning,4.35054
204,2021-05-12,FlightsClimbed,12.0
205,2021-05-12,StepCount,7467.0
206,2021-05-13,DistanceWalkingRunning,2.01863
207,2021-05-13,FlightsClimbed,11.0
208,2021-05-13,StepCount,3225.0
209,2021-05-14,DistanceWalkingRunning,0.30962
210,2021-05-14,StepCount,446.0
211,2021-05-15,DistanceWalkingRunning,1.78407
212,2021-05-15,FlightsClimbed,3.0
213,2021-05-15,StepCount,2936.0
214,2021-05-16,DistanceWalkingRunning,3.9894800000000004
215,2021-05-16,FlightsClimbed,2.0
216,2021-05-16,StepCount,6939.0
217,2021-05-17,DistanceWalkingRunning,1.85851
218,2021-05-17,FlightsClimbed,12.0
219,2021-05-17,StepCount,3006.0
220,2021-05-18,DistanceWalkingRunning,0.22816
221,2021-05-18,StepCount,327.0
222,2021-05-19,DistanceWalkingRunning,3.31003
223,2021-05-19,FlightsClimbed,9.0
224,2021-05-19,StepCount,4764.0
225,2021-05-20,DistanceWalkingRunning,6.56722
226,2021-05-20,FlightsClimbed,17.0
227,2021-05-20,StepCount,9032.0
228,2021-05-21,DistanceWalkingRunning,7.846299
229,2021-05-21,FlightsClimbed,8.0
230,2021-05-21,StepCount,12107.0
231,2021-05-22,DistanceWalkingRunning,2.9925900000000003
232,2021-05-22,FlightsClimbed,7.0
233,2021-05-22,StepCount,4737.0
234,2021-05-23,DistanceWalkingRunning,2.55092
235,2021-05-23,FlightsClimbed,2.0
236,2021-05-23,StepCount,3833.0
237,2021-05-24,DistanceWalkingRunning,2.43913
238,2021-05-24,FlightsClimbed,18.0
239,2021-05-24,StepCount,3938.0
240,2021-05-25,DistanceWalkingRunning,0.43279
241,2021-05-25,StepCount,617.0
242,2021-05-26,DistanceWalkingRunning,6.036
243,2021-05-26,FlightsClimbed,24.0
244,2021-05-26,StepCount,10194.0
245,2021-05-27,DistanceWalkingRunning,3.09274
246,2021-05-27,FlightsClimbed,21.0
247,2021-05-27,StepCount,5181.0
248,2021-05-28,DistanceWalkingRunning,4.24669
249,2021-05-28,FlightsClimbed,13.0
250,2021-05-28,StepCount,6823.0
251,2021-05-29,DistanceWalkingRunning,4.51139
252,2021-05-29,FlightsClimbed,8.0
253,2021-05-29,StepCount,7614.0
254,2021-05-30,DistanceWalkingRunning,2.70308
255,2021-05-30,FlightsClimbed,3.0
256,2021-05-30,StepCount,4397.0
257,2021-05-31,DistanceWalkingRunning,1.6714200000000001
258,2021-05-31,FlightsClimbed,9.0
259,2021-05-31,StepCount,2697.0
260,2021-06-01,DistanceWalkingRunning,1.79361
261,2021-06-01,FlightsClimbed,3.0
262,2021-06-01,StepCount,3004.0
263,2021-06-02,DistanceWalkingRunning,1.6658499999999998
264,2021-06-02,FlightsClimbed,15.0
265,2021-06-02,StepCount,2699.0
266,2021-06-03,DistanceWalkingRunning,4.08084
267,2021-06-03,FlightsClimbed,15.0
268,2021-06-03,StepCount,6648.0
269,2021-06-04,DistanceWalkingRunning,4.4258
270,2021-06-04,FlightsClimbed,11.0
271,2021-06-04,StepCount,7517.0
272,2021-06-05,DistanceWalkingRunning,1.58494
273,2021-06-05,FlightsClimbed,3.0
274,2021-06-05,StepCount,2574.0
275,2021-06-06,DistanceWalkingRunning,2.3991800000000003
276,2021-06-06,FlightsClimbed,3.0
277,2021-06-06,StepCount,3857.0
278,2021-06-07,DistanceWalkingRunning,2.91436
279,2021-06-07,FlightsClimbed,22.0
280,2021-06-07,StepCount,4711.0
281,2021-06-08,DistanceWalkingRunning,1.64534
282,2021-06-08,FlightsClimbed,1.0
283,2021-06-08,StepCount,2757.0
284,2021-06-09,DistanceWalkingRunning,0.23382
285,2021-06-09,StepCount,348.0
286,2021-06-10,DistanceWalkingRunning,1.53847
287,2021-06-10,FlightsClimbed,12.0
288,2021-06-10,StepCount,2466.0
289,2021-06-11,DistanceWalkingRunning,1.80185
290,2021-06-11,FlightsClimbed,3.0
291,2021-06-11,StepCount,2794.0
292,2021-06-12,DistanceWalkingRunning,7.31469
293,2021-06-12,FlightsClimbed,18.0
294,2021-06-12,StepCount,11712.0
295,2021-06-13,DistanceWalkingRunning,0.37801
296,2021-06-13,StepCount,548.0
297,2021-06-14,DistanceWalkingRunning,0.39935
298,2021-06-14,StepCount,568.0
299,2021-06-15,DistanceWalkingRunning,1.53774
300,2021-06-15,FlightsClimbed,10.0
301,2021-06-15,StepCount,2500.0
302,2021-06-16,DistanceWalkingRunning,5.67106
303,2021-06-16,FlightsClimbed,13.0
304,2021-06-16,StepCount,9602.0
305,2021-06-17,DistanceWalkingRunning,2.87102
306,2021-06-17,FlightsClimbed,4.0
307,2021-06-17,StepCount,4600.0
308,2021-06-18,DistanceWalkingRunning,0.14759
309,2021-06-18,StepCount,219.0
310,2021-06-19,DistanceWalkingRunning,4.8717
311,2021-06-19,FlightsClimbed,6.0
312,2021-06-19,StepCount,8205.0
313,2021-06-20,DistanceWalkingRunning,0.26673
314,2021-06-20,StepCount,388.0
315,2021-06-21,DistanceWalkingRunning,1.62425
316,2021-06-21,FlightsClimbed,9.0
317,2021-06-21,StepCount,2639.0
318,2021-06-22,DistanceWalkingRunning,1.64133
319,2021-06-22,FlightsClimbed,1.0
320,2021-06-22,StepCount,2746.0
321,2021-06-23,DistanceWalkingRunning,1.8023
322,2021-06-23,FlightsClimbed,1.0
323,2021-06-23,StepCount,3055.0
324,2021-06-24,DistanceWalkingRunning,3.1890300000000003
325,2021-06-24,FlightsClimbed,7.0
326,2021-06-24,StepCount,5608.0
327,2021-06-25,DistanceWalkingRunning,2.1134500000000003
328,2021-06-25,FlightsClimbed,15.0
329,2021-06-25,StepCount,3498.0
330,2021-06-26,DistanceWalkingRunning,3.17788
331,2021-06-26,FlightsClimbed,1.0
332,2021-06-26,StepCount,5475.0
333,2021-06-27,DistanceWalkingRunning,3.2631200000000002
334,2021-06-27,StepCount,5989.0
335,2021-06-28,DistanceWalkingRunning,1.7538
336,2021-06-28,FlightsClimbed,1.0
337,2021-06-28,StepCount,2979.0
338,2021-06-29,DistanceWalkingRunning,0.40257
339,2021-06-29,StepCount,595.0
340,2021-06-30,DistanceWalkingRunning,0.08912
341,2021-06-30,StepCount,129.0
342,2021-07-01,DistanceWalkingRunning,0.36926
343,2021-07-01,StepCount,533.0
344,2021-07-02,DistanceWalkingRunning,2.55112
345,2021-07-02,FlightsClimbed,8.0
346,2021-07-02,StepCount,3791.0
347,2021-07-03,DistanceWalkingRunning,0.33242
348,2021-07-03,StepCount,486.0
349,2021-07-04,DistanceWalkingRunning,2.9029700000000003
350,2021-07-04,FlightsClimbed,2.0
351,2021-07-04,StepCount,5052.0
352,2021-07-05,DistanceWalkingRunning,4.7455300000000005
353,2021-07-05,FlightsClimbed,4.0
354,2021-07-05,StepCount,8317.0
355,2021-07-06,DistanceWalkingRunning,4.35783
356,2021-07-06,FlightsClimbed,10.0
357,2021-07-06,StepCount,6683.0
358,2021-07-07,DistanceWalkingRunning,3.5249599999999996
359,2021-07-07,FlightsClimbed,7.0
360,2021-07-07,StepCount,5588.0
361,2021-07-08,DistanceWalkingRunning,1.08636
362,2021-07-08,FlightsClimbed,3.0
363,2021-07-08,StepCount,1691.0
364,2021-07-09,DistanceWalkingRunning,3.9174
365,2021-07-09,FlightsClimbed,8.0
366,2021-07-09,StepCount,6408.0
367,2021-07-10,DistanceWalkingRunning,5.2511
368,2021-07-10,FlightsClimbed,4.0
369,2021-07-10,StepCount,8592.0
370,2021-07-11,DistanceWalkingRunning,6.383146
371,2021-07-11,FlightsClimbed,3.0
372,2021-07-11,StepCount,9468.0
373,2021-07-12,DistanceWalkingRunning,2.85219
374,2021-07-12,FlightsClimbed,8.0
375,2021-07-12,StepCount,4171.0
376,2021-07-13,DistanceWalkingRunning,0.17426
377,2021-07-13,StepCount,249.0
378,2021-07-14,DistanceWalkingRunning,0.18258
379,2021-07-14,StepCount,263.0
380,2021-07-15,DistanceWalkingRunning,7.63805
381,2021-07-15,FlightsClimbed,7.0
382,2021-07-15,StepCount,10456.0
383,2021-07-16,DistanceWalkingRunning,3.67413
384,2021-07-16,FlightsClimbed,4.0
385,2021-07-16,StepCount,6161.0
386,2021-07-17,DistanceWalkingRunning,0.25884
387,2021-07-17,StepCount,390.0
388,2021-07-18,DistanceWalkingRunning,2.3687199999999997
389,2021-07-18,FlightsClimbed,2.0
390,2021-07-18,StepCount,4035.0
391,2021-07-19,DistanceWalkingRunning,3.22674
392,2021-07-19,FlightsClimbed,4.0
393,2021-07-19,StepCount,5117.0
394,2021-07-20,DistanceWalkingRunning,3.19895
395,2021-07-20,FlightsClimbed,2.0
396,2021-07-20,StepCount,4601.0
397,2021-07-21,DistanceWalkingRunning,0.17024
398,2021-07-21,StepCount,246.0
399,2021-07-22,DistanceWalkingRunning,0.26124
400,2021-07-22,StepCount,369.0
401,2021-07-23,DistanceWalkingRunning,0.22179
402,2021-07-23,StepCount,320.0
403,2021-07-24,DistanceWalkingRunning,0.18408
404,2021-07-24,StepCount,273.0
405,2021-07-25,DistanceWalkingRunning,2.0646299999999997
406,2021-07-25,StepCount,3712.0
407,2021-07-26,DistanceWalkingRunning,3.98611
408,2021-07-26,StepCount,6801.0
409,2021-07-27,DistanceWalkingRunning,5.50369
410,2021-07-27,FlightsClimbed,2.0
411,2021-07-27,StepCount,8861.0
412,2021-07-28,DistanceWalkingRunning,1.6998
413,2021-07-28,StepCount,2958.0
414,2021-07-29,DistanceWalkingRunning,3.81682
415,2021-07-29,FlightsClimbed,5.0
416,2021-07-29,StepCount,6283.0
417,2021-07-30,DistanceWalkingRunning,4.4892
418,2021-07-30,StepCount,7917.0
419,2021-07-31,DistanceWalkingRunning,2.52507
420,2021-07-31,FlightsClimbed,1.0
421,2021-07-31,StepCount,4355.0
422,2021-08-01,DistanceWalkingRunning,6.33495
423,2021-08-01,FlightsClimbed,2.0
424,2021-08-01,StepCount,11464.0
425,2021-08-02,DistanceWalkingRunning,5.42669
426,2021-08-02,FlightsClimbed,16.0
427,2021-08-02,StepCount,9215.0
428,2021-08-03,DistanceWalkingRunning,4.612369999999999
429,2021-08-03,FlightsClimbed,6.0
430,2021-08-03,StepCount,7829.0
431,2021-08-04,DistanceWalkingRunning,9.5849
432,2021-08-04,FlightsClimbed,7.0
433,2021-08-04,StepCount,15850.0
434,2021-08-05,DistanceWalkingRunning,4.02755
435,2021-08-05,FlightsClimbed,7.0
436,2021-08-05,StepCount,6878.0
437,2021-08-06,DistanceWalkingRunning,4.93675
438,2021-08-06,FlightsClimbed,1.0
439,2021-08-06,StepCount,8660.0
440,2021-08-07,DistanceWalkingRunning,2.49006
441,2021-08-07,FlightsClimbed,3.0
442,2021-08-07,StepCount,4266.0
443,2021-08-08,DistanceWalkingRunning,5.5118599999999995
444,2021-08-08,FlightsClimbed,2.0
445,2021-08-08,StepCount,9549.0
446,2021-08-09,DistanceWalkingRunning,1.38286
447,2021-08-09,StepCount,2341.0
448,2021-08-10,DistanceWalkingRunning,4.69391
449,2021-08-10,FlightsClimbed,12.0
450,2021-08-10,StepCount,7722.0
451,2021-08-11,DistanceWalkingRunning,5.5342
452,2021-08-11,FlightsClimbed,13.0
453,2021-08-11,StepCount,9136.0
454,2021-08-12,DistanceWalkingRunning,6.43991
455,2021-08-12,FlightsClimbed,3.0
456,2021-08-12,StepCount,10656.0
457,2021-08-13,DistanceWalkingRunning,6.758411
458,2021-08-13,FlightsClimbed,1.0
459,2021-08-13,StepCount,9972.0
460,2021-08-14,DistanceWalkingRunning,6.4047
461,2021-08-14,FlightsClimbed,4.0
462,2021-08-14,StepCount,11136.0
463,2021-08-15,DistanceWalkingRunning,8.516456
464,2021-08-15,StepCount,13342.0
465,2021-08-16,DistanceWalkingRunning,4.75404
466,2021-08-16,FlightsClimbed,1.0
467,2021-08-16,StepCount,7754.0
468,2021-08-17,DistanceWalkingRunning,9.838824
469,2021-08-17,FlightsClimbed,6.0
470,2021-08-17,StepCount,15943.0
471,2021-08-18,DistanceWalkingRunning,5.55523
472,2021-08-18,FlightsClimbed,3.0
473,2021-08-18,StepCount,9524.0
474,2021-08-19,DistanceWalkingRunning,2.56843
475,2021-08-19,FlightsClimbed,1.0
476,2021-08-19,StepCount,4264.0
477,2021-08-20,DistanceWalkingRunning,3.3185700000000002
478,2021-08-20,FlightsClimbed,1.0
479,2021-08-20,StepCount,5774.0
480,2021-08-21,DistanceWalkingRunning,4.266
481,2021-08-21,FlightsClimbed,3.0
482,2021-08-21,StepCount,7366.0
483,2021-08-22,DistanceWalkingRunning,3.01755
484,2021-08-22,FlightsClimbed,4.0
485,2021-08-22,StepCount,4363.0
486,2021-08-23,DistanceWalkingRunning,2.7013000000000003
487,2021-08-23,FlightsClimbed,2.0
488,2021-08-23,StepCount,3975.0
489,2021-08-24,DistanceWalkingRunning,7.887633
490,2021-08-24,FlightsClimbed,8.0
491,2021-08-24,StepCount,12511.0
492,2021-08-25,DistanceWalkingRunning,2.62444
493,2021-08-25,FlightsClimbed,2.0
494,2021-08-25,StepCount,3977.0
495,2021-08-26,DistanceWalkingRunning,7.20303
496,2021-08-26,FlightsClimbed,19.0
497,2021-08-26,StepCount,11610.0
498,2021-08-27,DistanceWalkingRunning,2.13946
499,2021-08-27,FlightsClimbed,4.0
500,2021-08-27,StepCount,3111.0
501,2021-08-28,DistanceWalkingRunning,3.4172599999999997
502,2021-08-28,FlightsClimbed,3.0
503,2021-08-28,StepCount,5687.0
504,2021-08-29,DistanceWalkingRunning,3.8414
505,2021-08-29,FlightsClimbed,2.0
506,2021-08-29,StepCount,6508.0
507,2021-08-30,DistanceWalkingRunning,8.056868
508,2021-08-30,FlightsClimbed,8.0
509,2021-08-30,StepCount,14001.0
510,2021-08-31,DistanceWalkingRunning,5.668121999999999
511,2021-08-31,FlightsClimbed,11.0
512,2021-08-31,StepCount,8986.0
513,2021-09-01,DistanceWalkingRunning,4.56248
514,2021-09-01,FlightsClimbed,14.0
515,2021-09-01,StepCount,7364.0
516,2021-09-02,DistanceWalkingRunning,3.82398
517,2021-09-02,FlightsClimbed,22.0
518,2021-09-02,StepCount,6051.0
519,2021-09-03,DistanceWalkingRunning,6.77276
520,2021-09-03,FlightsClimbed,21.0
521,2021-09-03,StepCount,11318.0
522,2021-09-04,DistanceWalkingRunning,1.76644
523,2021-09-04,FlightsClimbed,15.0
524,2021-09-04,StepCount,2757.0
525,2021-09-05,DistanceWalkingRunning,6.5620259
526,2021-09-05,FlightsClimbed,4.0
527,2021-09-05,StepCount,11490.0
528,2021-09-06,DistanceWalkingRunning,5.161137
529,2021-09-06,FlightsClimbed,13.0
530,2021-09-06,StepCount,8080.0
531,2021-09-07,DistanceWalkingRunning,2.7277299999999998
532,2021-09-07,FlightsClimbed,20.0
533,2021-09-07,StepCount,4448.0
534,2021-09-08,DistanceWalkingRunning,4.331981
535,2021-09-08,FlightsClimbed,20.0
536,2021-09-08,StepCount,7306.0
537,2021-09-09,DistanceWalkingRunning,4.60789
538,2021-09-09,FlightsClimbed,16.0
539,2021-09-09,StepCount,7487.0
540,2021-09-10,DistanceWalkingRunning,6.25945
541,2021-09-10,FlightsClimbed,32.0
542,2021-09-10,StepCount,10162.0
543,2021-09-11,DistanceWalkingRunning,7.0043
544,2021-09-11,FlightsClimbed,20.0
545,2021-09-11,StepCount,12089.0
546,2021-09-12,DistanceWalkingRunning,3.9849
547,2021-09-12,FlightsClimbed,3.0
548,2021-09-12,StepCount,6776.0
549,2021-09-13,DistanceWalkingRunning,7.05654
550,2021-09-13,FlightsClimbed,20.0
551,2021-09-13,StepCount,11776.0
552,2021-09-14,DistanceWalkingRunning,2.010434
553,2021-09-14,FlightsClimbed,15.0
554,2021-09-14,StepCount,3180.0
555,2021-09-15,DistanceWalkingRunning,4.03519
556,2021-09-15,FlightsClimbed,13.0
557,2021-09-15,StepCount,6459.0
558,2021-09-16,DistanceWalkingRunning,1.72556
559,2021-09-16,FlightsClimbed,10.0
560,2021-09-16,StepCount,2815.0
561,2021-09-17,DistanceWalkingRunning,2.184124
562,2021-09-17,FlightsClimbed,14.0
563,2021-09-17,StepCount,3510.0
564,2021-09-18,DistanceWalkingRunning,3.534189
565,2021-09-18,FlightsClimbed,19.0
566,2021-09-18,StepCount,5156.0
567,2021-09-19,DistanceWalkingRunning,1.4488287
568,2021-09-19,FlightsClimbed,3.0
569,2021-09-19,StepCount,2077.0
570,2021-09-20,DistanceWalkingRunning,2.58802
571,2021-09-20,FlightsClimbed,11.0
572,2021-09-20,StepCount,3516.0
573,2021-09-21,DistanceWalkingRunning,2.251937
574,2021-09-21,FlightsClimbed,12.0
575,2021-09-21,StepCount,3139.0
576,2021-09-22,DistanceWalkingRunning,5.0016
577,2021-09-22,FlightsClimbed,12.0
578,2021-09-22,StepCount,6700.0
579,2021-09-23,DistanceWalkingRunning,4.017044
580,2021-09-23,FlightsClimbed,16.0
581,2021-09-23,StepCount,5425.0
582,2021-09-24,DistanceWalkingRunning,4.91045
583,2021-09-24,FlightsClimbed,20.0
584,2021-09-24,StepCount,6848.0
585,2021-09-25,DistanceWalkingRunning,2.5251122
586,2021-09-25,FlightsClimbed,20.0
587,2021-09-25,StepCount,3420.0
588,2021-09-26,DistanceWalkingRunning,3.23045
589,2021-09-26,StepCount,4179.0
590,2021-09-27,DistanceWalkingRunning,3.9550739999999998
591,2021-09-27,FlightsClimbed,22.0
592,2021-09-27,StepCount,6494.0
593,2021-09-28,DistanceWalkingRunning,4.57803
594,2021-09-28,FlightsClimbed,9.0
595,2021-09-28,StepCount,6533.0
596,2021-09-29,DistanceWalkingRunning,4.60205
597,2021-09-29,FlightsClimbed,11.0
598,2021-09-29,StepCount,6744.0
599,2021-09-30,DistanceWalkingRunning,5.2744100000000005
600,2021-09-30,FlightsClimbed,18.0
601,2021-09-30,StepCount,7290.0
602,2021-10-01,DistanceWalkingRunning,2.1600200000000003
603,2021-10-01,FlightsClimbed,16.0
604,2021-10-01,StepCount,3032.0
605,2021-10-02,DistanceWalkingRunning,11.47624
606,2021-10-02,FlightsClimbed,22.0
607,2021-10-02,StepCount,16565.0
608,2021-10-03,DistanceWalkingRunning,6.58653
609,2021-10-03,FlightsClimbed,3.0
610,2021-10-03,StepCount,9941.0
611,2021-10-04,DistanceWalkingRunning,1.5560800000000001
612,2021-10-04,FlightsClimbed,11.0
613,2021-10-04,StepCount,2567.0
614,2021-10-05,DistanceWalkingRunning,2.64403
615,2021-10-05,FlightsClimbed,16.0
616,2021-10-05,StepCount,4360.0
617,2021-10-06,DistanceWalkingRunning,4.13068
618,2021-10-06,FlightsClimbed,21.0
619,2021-10-06,StepCount,6196.0
620,2021-10-07,DistanceWalkingRunning,5.44149
621,2021-10-07,FlightsClimbed,16.0
622,2021-10-07,StepCount,7322.0
623,2021-10-08,DistanceWalkingRunning,7.46792
624,2021-10-08,FlightsClimbed,13.0
625,2021-10-08,StepCount,10144.0
626,2021-10-09,DistanceWalkingRunning,2.02049
627,2021-10-09,FlightsClimbed,12.0
628,2021-10-09,StepCount,2846.0
629,2021-10-10,DistanceWalkingRunning,0.12836999999999998
630,2021-10-10,StepCount,186.0
631,2021-10-11,DistanceWalkingRunning,3.381958
632,2021-10-11,FlightsClimbed,12.0
633,2021-10-11,StepCount,4651.0
634,2021-10-12,DistanceWalkingRunning,4.51083
635,2021-10-12,FlightsClimbed,13.0
636,2021-10-12,StepCount,6421.0
637,2021-10-13,DistanceWalkingRunning,2.90548
638,2021-10-13,FlightsClimbed,4.0
639,2021-10-13,StepCount,4179.0
640,2021-10-14,DistanceWalkingRunning,5.24166
641,2021-10-14,FlightsClimbed,9.0
642,2021-10-14,StepCount,7074.0
643,2021-10-15,DistanceWalkingRunning,5.807755
644,2021-10-15,FlightsClimbed,15.0
645,2021-10-15,StepCount,7846.0
646,2021-10-16,DistanceWalkingRunning,2.0520300000000002
647,2021-10-16,FlightsClimbed,10.0
648,2021-10-16,StepCount,2921.0
649,2021-10-17,DistanceWalkingRunning,6.18368
650,2021-10-17,FlightsClimbed,2.0
651,2021-10-17,StepCount,8218.0
652,2021-10-18,DistanceWalkingRunning,2.47953
653,2021-10-18,FlightsClimbed,16.0
654,2021-10-18,StepCount,3436.0
655,2021-10-19,DistanceWalkingRunning,1.98957
656,2021-10-19,FlightsClimbed,6.0
657,2021-10-19,StepCount,2861.0
658,2021-10-20,DistanceWalkingRunning,3.65152
659,2021-10-20,FlightsClimbed,14.0
660,2021-10-20,StepCount,5260.0
661,2021-10-21,DistanceWalkingRunning,2.55354
662,2021-10-21,FlightsClimbed,18.0
663,2021-10-21,StepCount,3849.0
664,2021-10-22,DistanceWalkingRunning,3.97634
665,2021-10-22,FlightsClimbed,24.0
666,2021-10-22,StepCount,5792.0
667,2021-10-23,DistanceWalkingRunning,3.151453
668,2021-10-23,FlightsClimbed,18.0
669,2021-10-23,StepCount,4441.0
670,2021-10-24,DistanceWalkingRunning,2.35386
671,2021-10-24,FlightsClimbed,6.0
672,2021-10-24,StepCount,3101.0
673,2021-10-25,DistanceWalkingRunning,2.01231
674,2021-10-25,FlightsClimbed,18.0
675,2021-10-25,StepCount,2946.0
676,2021-10-26,DistanceWalkingRunning,6.986554
677,2021-10-26,FlightsClimbed,19.0
678,2021-10-26,StepCount,9177.0
679,2021-10-27,DistanceWalkingRunning,1.97536
680,2021-10-27,FlightsClimbed,13.0
681,2021-10-27,StepCount,2812.0
682,2021-10-28,DistanceWalkingRunning,2.15944
683,2021-10-28,FlightsClimbed,17.0
684,2021-10-28,StepCount,3287.0
685,2021-10-29,DistanceWalkingRunning,5.156216
686,2021-10-29,FlightsClimbed,22.0
687,2021-10-29,StepCount,6988.0
688,2021-10-30,DistanceWalkingRunning,4.08852
689,2021-10-30,FlightsClimbed,19.0
690,2021-10-30,StepCount,5480.0
691,2021-10-31,DistanceWalkingRunning,0.1324805
692,2021-10-31,StepCount,197.0
693,2021-11-01,DistanceWalkingRunning,3.01623
694,2021-11-01,FlightsClimbed,23.0
695,2021-11-01,StepCount,4469.0
696,2021-11-02,DistanceWalkingRunning,6.779935
697,2021-11-02,FlightsClimbed,25.0
698,2021-11-02,StepCount,8897.0
699,2021-11-03,DistanceWalkingRunning,3.16702
700,2021-11-03,FlightsClimbed,27.0
701,2021-11-03,StepCount,4760.0
702,2021-11-04,DistanceWalkingRunning,2.69787
703,2021-11-04,FlightsClimbed,21.0
704,2021-11-04,StepCount,3772.0
705,2021-11-05,DistanceWalkingRunning,2.02882
706,2021-11-05,FlightsClimbed,18.0
707,2021-11-05,StepCount,2831.0
708,2021-11-06,DistanceWalkingRunning,3.000742
709,2021-11-06,FlightsClimbed,21.0
710,2021-11-06,StepCount,4313.0
711,2021-11-07,DistanceWalkingRunning,0.08199
712,2021-11-07,StepCount,128.0
713,2021-11-08,DistanceWalkingRunning,0.12873
714,2021-11-08,StepCount,189.0
715,2021-11-09,DistanceWalkingRunning,2.342271
716,2021-11-09,FlightsClimbed,14.0
717,2021-11-09,StepCount,3389.0
718,2021-11-10,DistanceWalkingRunning,2.28881
719,2021-11-10,FlightsClimbed,17.0
720,2021-11-10,StepCount,3330.0
721,2021-11-11,DistanceWalkingRunning,4.00608
722,2021-11-11,FlightsClimbed,18.0
723,2021-11-11,StepCount,5729.0
724,2021-11-12,DistanceWalkingRunning,6.24596
725,2021-11-12,FlightsClimbed,16.0
726,2021-11-12,StepCount,8075.0
727,2021-11-13,DistanceWalkingRunning,7.06668
728,2021-11-13,FlightsClimbed,28.0
729,2021-11-13,StepCount,9672.0
730,2021-11-14,DistanceWalkingRunning,5.95012
731,2021-11-14,FlightsClimbed,5.0
732,2021-11-14,StepCount,9741.0
733,2021-11-15,DistanceWalkingRunning,5.088537
734,2021-11-15,FlightsClimbed,18.0
735,2021-11-15,StepCount,6632.0
736,2021-11-16,DistanceWalkingRunning,2.3391100000000002
737,2021-11-16,FlightsClimbed,17.0
738,2021-11-16,StepCount,3779.0
739,2021-11-17,DistanceWalkingRunning,5.303357
740,2021-11-17,FlightsClimbed,25.0
741,2021-11-17,StepCount,7021.0
742,2021-11-18,DistanceWalkingRunning,3.214794
743,2021-11-18,FlightsClimbed,24.0
744,2021-11-18,StepCount,5055.0
745,2021-11-19,DistanceWalkingRunning,6.661937
746,2021-11-19,FlightsClimbed,33.0
747,2021-11-19,StepCount,8899.0
748,2021-11-20,DistanceWalkingRunning,3.327341
749,2021-11-20,FlightsClimbed,6.0
750,2021-11-20,StepCount,4430.0
751,2021-11-21,DistanceWalkingRunning,4.689315000000001
752,2021-11-21,FlightsClimbed,9.0
753,2021-11-21,StepCount,7224.0
754,2021-11-22,DistanceWalkingRunning,10.24912
755,2021-11-22,FlightsClimbed,17.0
756,2021-11-22,StepCount,12374.0
757,2021-11-23,DistanceWalkingRunning,9.593245
758,2021-11-23,FlightsClimbed,30.0
759,2021-11-23,StepCount,13274.0
760,2021-11-24,DistanceWalkingRunning,1.677034
761,2021-11-24,FlightsClimbed,10.0
762,2021-11-24,StepCount,2301.0
763,2021-11-25,DistanceWalkingRunning,4.594769
764,2021-11-25,FlightsClimbed,23.0
765,2021-11-25,StepCount,7007.0
766,2021-11-26,DistanceWalkingRunning,9.992992
767,2021-11-26,FlightsClimbed,10.0
768,2021-11-26,StepCount,10749.0
769,2021-11-27,DistanceWalkingRunning,1.98054
770,2021-11-27,FlightsClimbed,9.0
771,2021-11-27,StepCount,2853.0
772,2021-11-28,DistanceWalkingRunning,2.88826
773,2021-11-28,FlightsClimbed,4.0
774,2021-11-28,StepCount,4080.0
775,2021-11-29,DistanceWalkingRunning,1.7583422
776,2021-11-29,FlightsClimbed,12.0
777,2021-11-29,StepCount,2454.0
778,2021-11-30,DistanceWalkingRunning,4.698848
779,2021-11-30,FlightsClimbed,18.0
780,2021-11-30,StepCount,6504.0
781,2021-12-01,DistanceWalkingRunning,2.0133900000000002
782,2021-12-01,FlightsClimbed,13.0
783,2021-12-01,StepCount,3195.0
784,2021-12-02,DistanceWalkingRunning,3.90184
785,2021-12-02,FlightsClimbed,21.0
786,2021-12-02,StepCount,5465.0
787,2021-12-03,DistanceWalkingRunning,4.8713049999999996
788,2021-12-03,FlightsClimbed,21.0
789,2021-12-03,StepCount,6298.0
790,2021-12-04,DistanceWalkingRunning,2.73519
791,2021-12-04,FlightsClimbed,7.0
792,2021-12-04,StepCount,4102.0
793,2021-12-05,DistanceWalkingRunning,2.80977
794,2021-12-05,FlightsClimbed,4.0
795,2021-12-05,StepCount,4181.0
796,2021-12-06,DistanceWalkingRunning,3.9655899999999997
797,2021-12-06,FlightsClimbed,8.0
798,2021-12-06,StepCount,5717.0
799,2021-12-07,DistanceWalkingRunning,2.328871
800,2021-12-07,FlightsClimbed,18.0
801,2021-12-07,StepCount,3558.0
802,2021-12-08,DistanceWalkingRunning,1.7727899999999999
803,2021-12-08,FlightsClimbed,12.0
804,2021-12-08,StepCount,2564.0
805,2021-12-09,DistanceWalkingRunning,4.5623000000000005
806,2021-12-09,FlightsClimbed,16.0
807,2021-12-09,StepCount,6822.0
808,2021-12-10,DistanceWalkingRunning,2.324904
809,2021-12-10,FlightsClimbed,12.0
810,2021-12-10,StepCount,3302.0
811,2021-12-11,DistanceWalkingRunning,1.91689
812,2021-12-11,FlightsClimbed,19.0
813,2021-12-11,StepCount,2941.0
814,2021-12-12,DistanceWalkingRunning,3.08919
815,2021-12-12,FlightsClimbed,4.0
816,2021-12-12,StepCount,4159.0
817,2021-12-13,DistanceWalkingRunning,2.546994
818,2021-12-13,FlightsClimbed,10.0
819,2021-12-13,StepCount,3215.0
820,2021-12-14,DistanceWalkingRunning,4.57706
821,2021-12-14,FlightsClimbed,15.0
822,2021-12-14,StepCount,6438.0
823,2021-12-15,DistanceWalkingRunning,1.7571809999999999
824,2021-12-15,FlightsClimbed,12.0
825,2021-12-15,StepCount,2731.0
826,2021-12-16,DistanceWalkingRunning,4.64515
827,2021-12-16,FlightsClimbed,24.0
828,2021-12-16,StepCount,6662.0
829,2021-12-17,DistanceWalkingRunning,3.5770500000000003
830,2021-12-17,FlightsClimbed,4.0
831,2021-12-17,StepCount,4799.0
832,2021-12-18,DistanceWalkingRunning,4.6494
833,2021-12-18,FlightsClimbed,10.0
834,2021-12-18,StepCount,6181.0
835,2021-12-19,DistanceWalkingRunning,4.661181
836,2021-12-19,FlightsClimbed,6.0
837,2021-12-19,StepCount,6094.0
838,2021-12-20,DistanceWalkingRunning,4.35104
839,2021-12-20,FlightsClimbed,15.0
840,2021-12-20,StepCount,6142.0
841,2021-12-21,DistanceWalkingRunning,3.08512
842,2021-12-21,FlightsClimbed,27.0
843,2021-12-21,StepCount,4518.0
844,2021-12-22,DistanceWalkingRunning,2.20411
845,2021-12-22,FlightsClimbed,25.0
846,2021-12-22,StepCount,3298.0
847,2021-12-23,DistanceWalkingRunning,4.41848
848,2021-12-23,FlightsClimbed,19.0
849,2021-12-23,StepCount,6488.0
850,2021-12-24,DistanceWalkingRunning,3.381853
851,2021-12-24,FlightsClimbed,9.0
852,2021-12-24,StepCount,4671.0
853,2021-12-25,DistanceWalkingRunning,5.68943
854,2021-12-25,FlightsClimbed,4.0
855,2021-12-25,StepCount,7710.0
856,2021-12-26,DistanceWalkingRunning,1.8918300000000001
857,2021-12-26,FlightsClimbed,5.0
858,2021-12-26,StepCount,2973.0
859,2021-12-27,DistanceWalkingRunning,1.8575400000000002
860,2021-12-27,FlightsClimbed,14.0
861,2021-12-27,StepCount,2606.0
862,2021-12-28,DistanceWalkingRunning,5.142375
863,2021-12-28,FlightsClimbed,26.0
864,2021-12-28,StepCount,7118.0
865,2021-12-29,DistanceWalkingRunning,1.59151
866,2021-12-29,FlightsClimbed,6.0
867,2021-12-29,StepCount,2410.0
868,2021-12-30,DistanceWalkingRunning,0.46027
869,2021-12-30,FlightsClimbed,2.0
870,2021-12-30,StepCount,651.0
871,2021-12-31,DistanceWalkingRunning,3.3758831
872,2021-12-31,FlightsClimbed,3.0
873,2021-12-31,StepCount,4881.0
874,2022-01-01,DistanceWalkingRunning,4.08891
875,2022-01-01,FlightsClimbed,4.0
876,2022-01-01,StepCount,5687.0
877,2022-01-02,DistanceWalkingRunning,3.60475
878,2022-01-02,FlightsClimbed,2.0
879,2022-01-02,StepCount,4970.0
880,2022-01-03,DistanceWalkingRunning,0.12503
881,2022-01-03,StepCount,178.0
882,2022-01-04,DistanceWalkingRunning,3.5063400000000002
883,2022-01-04,FlightsClimbed,3.0
884,2022-01-04,StepCount,4972.0
885,2022-01-05,DistanceWalkingRunning,9.721382
886,2022-01-05,FlightsClimbed,12.0
887,2022-01-05,StepCount,11949.0
888,2022-01-06,DistanceWalkingRunning,4.20072
889,2022-01-06,FlightsClimbed,13.0
890,2022-01-06,StepCount,5744.0
891,2022-01-07,DistanceWalkingRunning,0.72652
892,2022-01-07,FlightsClimbed,1.0
893,2022-01-07,StepCount,1092.0
894,2022-01-08,DistanceWalkingRunning,5.7982
895,2022-01-08,FlightsClimbed,12.0
896,2022-01-08,StepCount,8020.0
897,2022-01-09,DistanceWalkingRunning,1.6304400000000001
898,2022-01-09,FlightsClimbed,4.0
899,2022-01-09,StepCount,2472.0
900,2022-01-10,DistanceWalkingRunning,2.11497
901,2022-01-10,FlightsClimbed,14.0
902,2022-01-10,StepCount,3023.0
903,2022-01-11,DistanceWalkingRunning,3.939617
904,2022-01-11,FlightsClimbed,11.0
905,2022-01-11,StepCount,5416.0
906,2022-01-12,DistanceWalkingRunning,4.37072
907,2022-01-12,FlightsClimbed,3.0
908,2022-01-12,StepCount,5914.0
909,2022-01-13,DistanceWalkingRunning,8.237873
910,2022-01-13,FlightsClimbed,6.0
911,2022-01-13,StepCount,10788.0
912,2022-01-14,DistanceWalkingRunning,5.122884
913,2022-01-14,FlightsClimbed,34.0
914,2022-01-14,StepCount,7047.0
915,2022-01-15,DistanceWalkingRunning,5.140043
916,2022-01-15,FlightsClimbed,25.0
917,2022-01-15,StepCount,7104.0
918,2022-01-16,DistanceWalkingRunning,3.08011
919,2022-01-16,FlightsClimbed,3.0
920,2022-01-16,StepCount,4251.0
921,2022-01-17,DistanceWalkingRunning,0.25351999999999997
922,2022-01-17,StepCount,367.0
923,2022-01-18,DistanceWalkingRunning,11.310974
924,2022-01-18,FlightsClimbed,15.0
925,2022-01-18,StepCount,13735.0
926,2022-01-19,DistanceWalkingRunning,2.0351
927,2022-01-19,FlightsClimbed,13.0
928,2022-01-19,StepCount,2761.0
929,2022-01-20,DistanceWalkingRunning,1.63039
930,2022-01-20,FlightsClimbed,2.0
931,2022-01-20,StepCount,2245.0
932,2022-01-21,DistanceWalkingRunning,0.36928
933,2022-01-21,StepCount,545.0
934,2022-01-22,DistanceWalkingRunning,8.345432
935,2022-01-22,FlightsClimbed,9.0
936,2022-01-22,StepCount,10888.0
937,2022-01-23,DistanceWalkingRunning,5.13185
938,2022-01-23,FlightsClimbed,4.0
939,2022-01-23,StepCount,6910.0
940,2022-01-24,DistanceWalkingRunning,4.483771
941,2022-01-24,FlightsClimbed,7.0
942,2022-01-24,StepCount,6085.0
943,2022-01-25,DistanceWalkingRunning,5.778646
944,2022-01-25,FlightsClimbed,3.0
945,2022-01-25,StepCount,7321.0
946,2022-01-26,DistanceWalkingRunning,3.1417550000000003
947,2022-01-26,FlightsClimbed,7.0
948,2022-01-26,StepCount,4374.0
949,2022-01-27,DistanceWalkingRunning,0.26325
950,2022-01-27,StepCount,378.0
951,2022-01-28,DistanceWalkingRunning,0.26321
952,2022-01-28,StepCount,382.0
953,2022-01-29,DistanceWalkingRunning,1.7972
954,2022-01-29,FlightsClimbed,2.0
955,2022-01-29,StepCount,2761.0
956,2022-01-30,DistanceWalkingRunning,3.67362
957,2022-01-30,FlightsClimbed,5.0
958,2022-01-30,StepCount,4806.0
959,2022-01-31,DistanceWalkingRunning,5.0238501
960,2022-01-31,FlightsClimbed,4.0
961,2022-01-31,StepCount,6681.0
962,2022-02-01,DistanceWalkingRunning,5.079556999999999
963,2022-02-01,FlightsClimbed,7.0
964,2022-02-01,StepCount,6877.0
965,2022-02-02,DistanceWalkingRunning,2.81141
966,2022-02-02,FlightsClimbed,2.0
967,2022-02-02,StepCount,4001.0
968,2022-02-03,DistanceWalkingRunning,0.35541
969,2022-02-03,StepCount,496.0
970,2022-02-04,DistanceWalkingRunning,3.86382
971,2022-02-04,FlightsClimbed,3.0
972,2022-02-04,StepCount,5425.0
973,2022-02-05,DistanceWalkingRunning,5.89815
974,2022-02-05,FlightsClimbed,10.0
975,2022-02-05,StepCount,8184.0
976,2022-02-06,DistanceWalkingRunning,2.14919
977,2022-02-06,FlightsClimbed,5.0
978,2022-02-06,StepCount,2951.0
979,2022-02-07,DistanceWalkingRunning,2.62267
980,2022-02-07,FlightsClimbed,2.0
981,2022-02-07,StepCount,3724.0
982,2022-02-08,DistanceWalkingRunning,5.968174
983,2022-02-08,FlightsClimbed,3.0
984,2022-02-08,StepCount,7493.0
985,2022-02-09,DistanceWalkingRunning,1.9232799999999999
986,2022-02-09,FlightsClimbed,11.0
987,2022-02-09,StepCount,2711.0
988,2022-02-10,DistanceWalkingRunning,2.16268
989,2022-02-10,FlightsClimbed,14.0
990,2022-02-10,StepCount,3358.0
991,2022-02-11,DistanceWalkingRunning,5.155073
992,2022-02-11,FlightsClimbed,18.0
993,2022-02-11,StepCount,6572.0
994,2022-02-12,DistanceWalkingRunning,4.75344
995,2022-02-12,FlightsClimbed,18.0
996,2022-02-12,StepCount,6660.0
997,2022-02-13,DistanceWalkingRunning,2.1363000000000003
998,2022-02-13,FlightsClimbed,2.0
999,2022-02-13,StepCount,2928.0
1000,2022-02-14,DistanceWalkingRunning,0.24821
1001,2022-02-14,StepCount,360.0
1002,2022-02-15,DistanceWalkingRunning,0.23347
1003,2022-02-15,StepCount,330.0
1004,2022-02-16,DistanceWalkingRunning,0.16759
1005,2022-02-16,StepCount,233.0
1006,2022-02-17,DistanceWalkingRunning,0.34015
1007,2022-02-17,StepCount,490.0
1008,2022-02-18,DistanceWalkingRunning,2.12873
1009,2022-02-18,FlightsClimbed,8.0
1010,2022-02-18,StepCount,2910.0
1011,2022-02-19,DistanceWalkingRunning,0.20776
1012,2022-02-19,StepCount,298.0
1013,2022-02-20,DistanceWalkingRunning,0.1607
1014,2022-02-20,StepCount,225.0
1015,2022-02-21,DistanceWalkingRunning,0.11932
1016,2022-02-21,StepCount,168.0
1017,2022-02-22,DistanceWalkingRunning,1.95325
1018,2022-02-22,FlightsClimbed,6.0
1019,2022-02-22,StepCount,2968.0
1020,2022-02-23,DistanceWalkingRunning,1.9689
1021,2022-02-23,FlightsClimbed,5.0
1022,2022-02-23,StepCount,3347.0
1023,2022-02-24,DistanceWalkingRunning,2.3101
1024,2022-02-24,FlightsClimbed,17.0
1025,2022-02-24,StepCount,3181.0
1026,2022-02-25,DistanceWalkingRunning,2.36905
1027,2022-02-25,FlightsClimbed,19.0
1028,2022-02-25,StepCount,3347.0
1029,2022-02-26,DistanceWalkingRunning,5.22567
1030,2022-02-26,FlightsClimbed,12.0
1031,2022-02-26,StepCount,7159.0
1032,2022-02-27,DistanceWalkingRunning,0.24539
1033,2022-02-27,StepCount,355.0
1034,2022-02-28,DistanceWalkingRunning,5.529869
1035,2022-02-28,FlightsClimbed,14.0
1036,2022-02-28,StepCount,6811.0
1037,2022-03-01,DistanceWalkingRunning,4.05042
1038,2022-03-01,FlightsClimbed,15.0
1039,2022-03-01,StepCount,5546.0
1040,2022-03-02,DistanceWalkingRunning,6.6134941000000005
1041,2022-03-02,FlightsClimbed,17.0
1042,2022-03-02,StepCount,7917.0
1043,2022-03-03,DistanceWalkingRunning,5.11362
1044,2022-03-03,FlightsClimbed,17.0
1045,2022-03-03,StepCount,6879.0
1046,2022-03-04,DistanceWalkingRunning,2.44202
1047,2022-03-04,FlightsClimbed,16.0
1048,2022-03-04,StepCount,3428.0
1049,2022-03-05,DistanceWalkingRunning,10.48083
1050,2022-03-05,FlightsClimbed,14.0
1051,2022-03-05,StepCount,11963.0
1052,2022-03-06,DistanceWalkingRunning,8.63628
1053,2022-03-06,FlightsClimbed,4.0
1054,2022-03-06,StepCount,11512.0
1055,2022-03-07,DistanceWalkingRunning,3.05763
1056,2022-03-07,FlightsClimbed,2.0
1057,2022-03-07,StepCount,3935.0
1058,2022-03-08,DistanceWalkingRunning,6.10761
1059,2022-03-08,FlightsClimbed,5.0
1060,2022-03-08,StepCount,8044.0
1061,2022-03-09,DistanceWalkingRunning,2.31461
1062,2022-03-09,FlightsClimbed,18.0
1063,2022-03-09,StepCount,3349.0
1064,2022-03-10,DistanceWalkingRunning,3.59329
1065,2022-03-10,FlightsClimbed,9.0
1066,2022-03-10,StepCount,5097.0
1067,2022-03-11,DistanceWalkingRunning,1.9873399999999999
1068,2022-03-11,FlightsClimbed,10.0
1069,2022-03-11,StepCount,2738.0
1070,2022-03-12,DistanceWalkingRunning,8.716298
1071,2022-03-12,FlightsClimbed,26.0
1072,2022-03-12,StepCount,10298.0
1073,2022-03-13,DistanceWalkingRunning,0.333
1074,2022-03-13,StepCount,517.0
1075,2022-03-14,DistanceWalkingRunning,10.116388
1076,2022-03-14,FlightsClimbed,21.0
1077,2022-03-14,StepCount,11932.0
1078,2022-03-15,DistanceWalkingRunning,5.469748
1079,2022-03-15,FlightsClimbed,21.0
1080,2022-03-15,StepCount,7017.0
1081,2022-03-16,DistanceWalkingRunning,9.47669
1082,2022-03-16,FlightsClimbed,17.0
1083,2022-03-16,StepCount,12201.0
1084,2022-03-17,DistanceWalkingRunning,5.23133
1085,2022-03-17,FlightsClimbed,13.0
1086,2022-03-17,StepCount,7320.0
1087,2022-03-18,DistanceWalkingRunning,6.047361
1088,2022-03-18,FlightsClimbed,12.0
1089,2022-03-18,StepCount,7699.0
1090,2022-03-19,DistanceWalkingRunning,6.8564
1091,2022-03-19,FlightsClimbed,31.0
1092,2022-03-19,StepCount,9294.0
1093,2022-03-20,DistanceWalkingRunning,3.1564129999999997
1094,2022-03-20,FlightsClimbed,3.0
1095,2022-03-20,StepCount,4092.0
1096,2022-03-21,DistanceWalkingRunning,4.40641
1097,2022-03-21,FlightsClimbed,21.0
1098,2022-03-21,StepCount,6195.0
1099,2022-03-22,DistanceWalkingRunning,8.388943
1100,2022-03-22,FlightsClimbed,21.0
1101,2022-03-22,StepCount,11103.0
1102,2022-03-23,DistanceWalkingRunning,2.62128
1103,2022-03-23,FlightsClimbed,16.0
1104,2022-03-23,StepCount,3712.0
1105,2022-03-24,DistanceWalkingRunning,2.371037
1106,2022-03-24,FlightsClimbed,20.0
1107,2022-03-24,StepCount,3378.0
1108,2022-03-25,DistanceWalkingRunning,12.467835
1109,2022-03-25,FlightsClimbed,18.0
1110,2022-03-25,StepCount,14599.0
1111,2022-03-26,DistanceWalkingRunning,6.20914
1112,2022-03-26,FlightsClimbed,25.0
1113,2022-03-26,StepCount,7503.0
1114,2022-03-27,DistanceWalkingRunning,3.4462699999999997
1115,2022-03-27,FlightsClimbed,13.0
1116,2022-03-27,StepCount,4434.0
1117,2022-03-28,DistanceWalkingRunning,11.578062
1118,2022-03-28,FlightsClimbed,31.0
1119,2022-03-28,StepCount,14678.0
1120,2022-03-29,DistanceWalkingRunning,13.572692
1121,2022-03-29,FlightsClimbed,25.0
1122,2022-03-29,StepCount,16152.0
1123,2022-03-30,DistanceWalkingRunning,1.8642429999999999
1124,2022-03-30,FlightsClimbed,13.0
1125,2022-03-30,StepCount,2616.0
1126,2022-03-31,DistanceWalkingRunning,5.04504
1127,2022-03-31,FlightsClimbed,18.0
1128,2022-03-31,StepCount,6855.0
1129,2022-04-01,DistanceWalkingRunning,4.043449
1130,2022-04-01,FlightsClimbed,14.0
1131,2022-04-01,StepCount,4866.0
1132,2022-04-02,DistanceWalkingRunning,6.622606
1133,2022-04-02,FlightsClimbed,19.0
1134,2022-04-02,StepCount,8774.0
1135,2022-04-03,DistanceWalkingRunning,4.61907
1136,2022-04-03,FlightsClimbed,5.0
1137,2022-04-03,StepCount,6081.0
1138,2022-04-04,DistanceWalkingRunning,2.07581
1139,2022-04-04,FlightsClimbed,18.0
1140,2022-04-04,StepCount,2902.0
1141,2022-04-05,DistanceWalkingRunning,2.52573
1142,2022-04-05,FlightsClimbed,23.0
1143,2022-04-05,StepCount,3683.0
1144,2022-04-06,DistanceWalkingRunning,6.555949
1145,2022-04-06,FlightsClimbed,17.0
1146,2022-04-06,StepCount,7788.0
1147,2022-04-07,DistanceWalkingRunning,1.82014
1148,2022-04-07,FlightsClimbed,13.0
1149,2022-04-07,StepCount,2582.0
1150,2022-04-08,DistanceWalkingRunning,4.14704
1151,2022-04-08,FlightsClimbed,13.0
1152,2022-04-08,StepCount,5031.0
1153,2022-04-09,DistanceWalkingRunning,1.83706
1154,2022-04-09,FlightsClimbed,11.0
1155,2022-04-09,StepCount,2558.0
1156,2022-04-10,DistanceWalkingRunning,11.993474
1157,2022-04-10,FlightsClimbed,10.0
1158,2022-04-10,StepCount,14703.0
1159,2022-04-11,DistanceWalkingRunning,5.3773576
1160,2022-04-11,FlightsClimbed,21.0
1161,2022-04-11,StepCount,6728.0
1162,2022-04-12,DistanceWalkingRunning,2.605859
1163,2022-04-12,FlightsClimbed,21.0
1164,2022-04-12,StepCount,3487.0
1165,2022-04-13,DistanceWalkingRunning,2.525835
1166,2022-04-13,FlightsClimbed,13.0
1167,2022-04-13,StepCount,3496.0
1168,2022-04-14,DistanceWalkingRunning,8.319777
1169,2022-04-14,FlightsClimbed,14.0
1170,2022-04-14,StepCount,10175.0
1171,2022-04-15,DistanceWalkingRunning,6.340524
1172,2022-04-15,FlightsClimbed,19.0
1173,2022-04-15,StepCount,8132.0
1174,2022-04-16,DistanceWalkingRunning,5.197778
1175,2022-04-16,FlightsClimbed,13.0
1176,2022-04-16,StepCount,6387.0
1177,2022-04-17,DistanceWalkingRunning,8.33621
1178,2022-04-17,FlightsClimbed,9.0
1179,2022-04-17,StepCount,10206.0
1180,2022-04-18,DistanceWalkingRunning,1.9874183
1181,2022-04-18,FlightsClimbed,9.0
1182,2022-04-18,StepCount,2741.0
1183,2022-04-19,DistanceWalkingRunning,1.79699
1184,2022-04-19,FlightsClimbed,9.0
1185,2022-04-19,StepCount,2460.0
1186,2022-04-20,DistanceWalkingRunning,4.22847
1187,2022-04-20,FlightsClimbed,21.0
1188,2022-04-20,StepCount,5892.0
1189,2022-04-21,DistanceWalkingRunning,2.32796
1190,2022-04-21,FlightsClimbed,17.0
1191,2022-04-21,StepCount,3279.0
1192,2022-04-22,DistanceWalkingRunning,5.48587
1193,2022-04-22,FlightsClimbed,15.0
1194,2022-04-22,StepCount,7410.0
1195,2022-04-23,DistanceWalkingRunning,7.33242
1196,2022-04-23,FlightsClimbed,17.0
1197,2022-04-23,StepCount,10010.0
1198,2022-04-24,DistanceWalkingRunning,0.3786
1199,2022-04-24,StepCount,537.0
1200,2022-04-25,DistanceWalkingRunning,12.5382583
1201,2022-04-25,FlightsClimbed,33.0
1202,2022-04-25,StepCount,15088.0
1203,2022-04-26,DistanceWalkingRunning,5.42283
1204,2022-04-26,FlightsClimbed,18.0
1205,2022-04-26,StepCount,7434.0
1206,2022-04-27,DistanceWalkingRunning,3.02469
1207,2022-04-27,FlightsClimbed,10.0
1208,2022-04-27,StepCount,4175.0
1209,2022-04-28,DistanceWalkingRunning,8.479588
1210,2022-04-28,FlightsClimbed,21.0
1211,2022-04-28,StepCount,11325.0
1212,2022-04-29,DistanceWalkingRunning,6.03379
1213,2022-04-29,FlightsClimbed,28.0
1214,2022-04-29,StepCount,7388.0
1215,2022-04-30,DistanceWalkingRunning,2.83947
1216,2022-04-30,FlightsClimbed,16.0
1217,2022-04-30,StepCount,4724.0
1218,2022-05-01,DistanceWalkingRunning,7.366515
1219,2022-05-01,FlightsClimbed,7.0
1220,2022-05-01,StepCount,11226.0
1221,2022-05-02,DistanceWalkingRunning,8.488595
1222,2022-05-02,FlightsClimbed,6.0
1223,2022-05-02,StepCount,10857.0
1224,2022-05-03,DistanceWalkingRunning,4.65078
1225,2022-05-03,FlightsClimbed,2.0
1226,2022-05-03,StepCount,7820.0
1227,2022-05-04,DistanceWalkingRunning,10.047476
1228,2022-05-04,FlightsClimbed,29.0
1229,2022-05-04,StepCount,17191.0
1230,2022-05-05,DistanceWalkingRunning,8.15703
1231,2022-05-05,FlightsClimbed,13.0
1232,2022-05-05,StepCount,14524.0
1233,2022-05-06,DistanceWalkingRunning,12.30096
1234,2022-05-06,FlightsClimbed,13.0
1235,2022-05-06,StepCount,16175.0
1236,2022-05-07,DistanceWalkingRunning,8.592804
1237,2022-05-07,FlightsClimbed,14.0
1238,2022-05-07,StepCount,14419.0
1239,2022-05-08,DistanceWalkingRunning,3.446065
1240,2022-05-08,FlightsClimbed,5.0
1241,2022-05-08,StepCount,5700.0
1242,2022-05-09,DistanceWalkingRunning,9.895686
1243,2022-05-09,FlightsClimbed,20.0
1244,2022-05-09,StepCount,15669.0
1245,2022-05-10,DistanceWalkingRunning,13.36211
1246,2022-05-10,FlightsClimbed,21.0
1247,2022-05-10,StepCount,15436.0
1248,2022-05-11,DistanceWalkingRunning,4.9879999999999995
1249,2022-05-11,FlightsClimbed,9.0
1250,2022-05-11,StepCount,8078.0
1251,2022-05-12,DistanceWalkingRunning,1.861907
1252,2022-05-12,FlightsClimbed,11.0
1253,2022-05-12,StepCount,3007.0
1254,2022-05-13,DistanceWalkingRunning,7.160381
1255,2022-05-13,FlightsClimbed,12.0
1256,2022-05-13,StepCount,10728.0
1257,2022-05-14,DistanceWalkingRunning,10.147319
1258,2022-05-14,FlightsClimbed,24.0
1259,2022-05-14,StepCount,13520.0
1260,2022-05-15,DistanceWalkingRunning,11.101466
1261,2022-05-15,FlightsClimbed,13.0
1262,2022-05-15,StepCount,16980.0
1263,2022-05-16,DistanceWalkingRunning,2.15795
1264,2022-05-16,FlightsClimbed,20.0
1265,2022-05-16,StepCount,3336.0
1266,2022-05-17,DistanceWalkingRunning,3.839867
1267,2022-05-17,FlightsClimbed,25.0
1268,2022-05-17,StepCount,6389.0
1269,2022-05-18,DistanceWalkingRunning,8.21981
1270,2022-05-18,FlightsClimbed,17.0
1271,2022-05-18,StepCount,12803.0
1272,2022-05-19,DistanceWalkingRunning,4.52382
1273,2022-05-19,FlightsClimbed,21.0
1274,2022-05-19,StepCount,7167.0
1275,2022-05-20,DistanceWalkingRunning,2.5290600000000003
1276,2022-05-20,FlightsClimbed,16.0
1277,2022-05-20,StepCount,4068.0
1278,2022-05-21,DistanceWalkingRunning,1.62531
1279,2022-05-21,FlightsClimbed,7.0
1280,2022-05-21,StepCount,2591.0
1281,2022-05-22,DistanceWalkingRunning,3.92671
1282,2022-05-22,FlightsClimbed,5.0
1283,2022-05-22,StepCount,6672.0
1284,2022-05-23,DistanceWalkingRunning,5.51184
1285,2022-05-23,FlightsClimbed,18.0
1286,2022-05-23,StepCount,9005.0
1287,2022-05-24,DistanceWalkingRunning,5.785107
1288,2022-05-24,FlightsClimbed,15.0
1289,2022-05-24,StepCount,7259.0
1290,2022-05-25,DistanceWalkingRunning,5.70957
1291,2022-05-25,FlightsClimbed,22.0
1292,2022-05-25,StepCount,9565.0
1293,2022-05-26,DistanceWalkingRunning,1.76785
1294,2022-05-26,FlightsClimbed,10.0
1295,2022-05-26,StepCount,2871.0
1296,2022-05-27,DistanceWalkingRunning,1.68556
1297,2022-05-27,FlightsClimbed,12.0
1298,2022-05-27,StepCount,2544.0
1299,2022-05-28,DistanceWalkingRunning,7.74211
1300,2022-05-28,FlightsClimbed,15.0
1301,2022-05-28,StepCount,12625.0
1302,2022-05-29,DistanceWalkingRunning,4.855482
1303,2022-05-29,FlightsClimbed,14.0
1304,2022-05-29,StepCount,7621.0
1305,2022-05-30,DistanceWalkingRunning,5.18394
1306,2022-05-30,FlightsClimbed,13.0
1307,2022-05-30,StepCount,8596.0
1308,2022-05-31,DistanceWalkingRunning,1.8183799999999999
1309,2022-05-31,FlightsClimbed,7.0
1310,2022-05-31,StepCount,2891.0
1311,2022-06-01,DistanceWalkingRunning,10.74787
1312,2022-06-01,FlightsClimbed,10.0
1313,2022-06-01,StepCount,12581.0
1314,2022-06-02,DistanceWalkingRunning,7.2869038
1315,2022-06-02,FlightsClimbed,13.0
1316,2022-06-02,StepCount,11168.0
1317,2022-06-03,DistanceWalkingRunning,6.302226
1318,2022-06-03,FlightsClimbed,24.0
1319,2022-06-03,StepCount,10773.0
1320,2022-06-04,DistanceWalkingRunning,1.96219
1321,2022-06-04,FlightsClimbed,2.0
1322,2022-06-04,StepCount,3297.0
1323,2022-06-05,DistanceWalkingRunning,3.8925309
1324,2022-06-05,FlightsClimbed,4.0
1325,2022-06-05,StepCount,6349.0
1326,2022-06-06,DistanceWalkingRunning,7.46151
1327,2022-06-06,FlightsClimbed,34.0
1328,2022-06-06,StepCount,13007.0
1329,2022-06-07,DistanceWalkingRunning,17.996073
1330,2022-06-07,FlightsClimbed,10.0
1331,2022-06-07,StepCount,23062.0
1332,2022-06-08,DistanceWalkingRunning,10.262074
1333,2022-06-08,FlightsClimbed,6.0
1334,2022-06-08,StepCount,12814.0
1335,2022-06-09,DistanceWalkingRunning,11.8697457
1336,2022-06-09,FlightsClimbed,30.0
1337,2022-06-09,StepCount,18617.0
1338,2022-06-10,DistanceWalkingRunning,8.566499
1339,2022-06-10,FlightsClimbed,5.0
1340,2022-06-10,StepCount,9060.0
1341,2022-06-11,DistanceWalkingRunning,6.857199
1342,2022-06-11,FlightsClimbed,16.0
1343,2022-06-11,StepCount,10953.0
1344,2022-06-12,DistanceWalkingRunning,12.84943
1345,2022-06-12,FlightsClimbed,7.0
1346,2022-06-12,StepCount,12621.0
1347,2022-06-13,DistanceWalkingRunning,13.16888
1348,2022-06-13,FlightsClimbed,6.0
1349,2022-06-13,StepCount,18201.0
1350,2022-06-14,DistanceWalkingRunning,11.986289
1351,2022-06-14,FlightsClimbed,16.0
1352,2022-06-14,StepCount,16348.0
1353,2022-06-15,DistanceWalkingRunning,10.89335
1354,2022-06-15,FlightsClimbed,15.0
1355,2022-06-15,StepCount,14165.0
1356,2022-06-16,DistanceWalkingRunning,18.218726
1357,2022-06-16,FlightsClimbed,25.0
1358,2022-06-16,StepCount,20404.0
1359,2022-06-17,DistanceWalkingRunning,7.83642
1360,2022-06-17,FlightsClimbed,9.0
1361,2022-06-17,StepCount,10637.0
1362,2022-06-18,DistanceWalkingRunning,21.253197
1363,2022-06-18,FlightsClimbed,24.0
1364,2022-06-18,StepCount,22597.0
1365,2022-06-19,DistanceWalkingRunning,11.830540000000001
1366,2022-06-19,FlightsClimbed,4.0
1367,2022-06-19,StepCount,13516.0
1368,2022-06-20,DistanceWalkingRunning,12.049178
1369,2022-06-20,FlightsClimbed,20.0
1370,2022-06-20,StepCount,12448.0
1371,2022-06-21,DistanceWalkingRunning,18.668042
1372,2022-06-21,FlightsClimbed,38.0
1373,2022-06-21,StepCount,21863.0
1374,2022-06-22,DistanceWalkingRunning,12.524388
1375,2022-06-22,FlightsClimbed,17.0
1376,2022-06-22,StepCount,17005.0
1377,2022-06-23,DistanceWalkingRunning,17.614387999999998
1378,2022-06-23,FlightsClimbed,11.0
1379,2022-06-23,StepCount,18695.0
1380,2022-06-24,DistanceWalkingRunning,11.5695778
1381,2022-06-24,FlightsClimbed,5.0
1382,2022-06-24,StepCount,11146.0
1383,2022-06-25,DistanceWalkingRunning,10.79646423
1384,2022-06-25,FlightsClimbed,23.0
1385,2022-06-25,StepCount,13638.0
1386,2022-06-26,DistanceWalkingRunning,9.1654186
1387,2022-06-26,FlightsClimbed,9.0
1388,2022-06-26,StepCount,12593.0
1389,2022-06-27,DistanceWalkingRunning,13.934312
1390,2022-06-27,FlightsClimbed,12.0
1391,2022-06-27,StepCount,17026.0
1392,2022-06-28,DistanceWalkingRunning,5.6442509
1393,2022-06-28,FlightsClimbed,13.0
1394,2022-06-28,StepCount,8195.0
1395,2022-06-29,DistanceWalkingRunning,12.723313
1396,2022-06-29,FlightsClimbed,14.0
1397,2022-06-29,StepCount,16572.0
1398,2022-06-30,DistanceWalkingRunning,6.5090770000000004
1399,2022-06-30,FlightsClimbed,2.0
1400,2022-06-30,StepCount,9816.0
1401,2022-07-01,DistanceWalkingRunning,6.0454110000000005
1402,2022-07-01,FlightsClimbed,3.0
1403,2022-07-01,StepCount,8549.0
1404,2022-07-02,DistanceWalkingRunning,15.459479
1405,2022-07-02,FlightsClimbed,10.0
1406,2022-07-02,StepCount,19300.0
1407,2022-07-03,DistanceWalkingRunning,5.780809
1408,2022-07-03,FlightsClimbed,8.0
1409,2022-07-03,StepCount,8196.0
1410,2022-07-04,DistanceWalkingRunning,10.167801
1411,2022-07-04,FlightsClimbed,2.0
1412,2022-07-04,StepCount,13242.0
1413,2022-07-05,DistanceWalkingRunning,11.12664
1414,2022-07-05,FlightsClimbed,6.0
1415,2022-07-05,StepCount,11571.0
1416,2022-07-06,DistanceWalkingRunning,5.970651
1417,2022-07-06,FlightsClimbed,3.0
1418,2022-07-06,StepCount,8032.0
1419,2022-07-07,DistanceWalkingRunning,4.896846
1420,2022-07-07,FlightsClimbed,3.0
1421,2022-07-07,StepCount,6104.0
1422,2022-07-08,DistanceWalkingRunning,6.13456183
1423,2022-07-08,FlightsClimbed,9.0
1424,2022-07-08,StepCount,8239.0
1425,2022-07-09,DistanceWalkingRunning,4.515721
1426,2022-07-09,FlightsClimbed,1.0
1427,2022-07-09,StepCount,5488.0
1428,2022-07-10,DistanceWalkingRunning,3.028679
1429,2022-07-10,FlightsClimbed,2.0
1430,2022-07-10,StepCount,3748.0
1431,2022-07-11,DistanceWalkingRunning,14.712293
1432,2022-07-11,FlightsClimbed,12.0
1433,2022-07-11,StepCount,15257.0
1434,2022-07-12,DistanceWalkingRunning,5.884996
1435,2022-07-12,FlightsClimbed,8.0
1436,2022-07-12,StepCount,9287.0
1437,2022-07-13,DistanceWalkingRunning,1.81163
1438,2022-07-13,FlightsClimbed,2.0
1439,2022-07-13,StepCount,2914.0
1440,2022-07-14,DistanceWalkingRunning,0.16571
1441,2022-07-14,StepCount,238.0
1442,2022-07-15,DistanceWalkingRunning,4.67374
1443,2022-07-15,StepCount,7817.0
1444,2022-07-16,DistanceWalkingRunning,4.24664
1445,2022-07-16,FlightsClimbed,1.0
1446,2022-07-16,StepCount,7602.0
1447,2022-07-17,DistanceWalkingRunning,5.045565
1448,2022-07-17,FlightsClimbed,4.0
1449,2022-07-17,StepCount,8555.0
1450,2022-07-18,DistanceWalkingRunning,9.113154
1451,2022-07-18,FlightsClimbed,4.0
1452,2022-07-18,StepCount,16248.0
1453,2022-07-19,DistanceWalkingRunning,2.217546
1454,2022-07-19,FlightsClimbed,4.0
1455,2022-07-19,StepCount,3656.0
1456,2022-07-20,DistanceWalkingRunning,4.9889581
1457,2022-07-20,FlightsClimbed,5.0
1458,2022-07-20,StepCount,7516.0
1459,2022-07-21,DistanceWalkingRunning,10.38251
1460,2022-07-21,FlightsClimbed,13.0
1461,2022-07-21,StepCount,11837.0
1462,2022-07-22,DistanceWalkingRunning,1.8988
1463,2022-07-22,StepCount,3236.0
1464,2022-07-23,DistanceWalkingRunning,4.1261901
1465,2022-07-23,FlightsClimbed,3.0
1466,2022-07-23,StepCount,6520.0
1467,2022-07-24,DistanceWalkingRunning,4.97625
1468,2022-07-24,FlightsClimbed,3.0
1469,2022-07-24,StepCount,8095.0
1470,2022-07-25,DistanceWalkingRunning,4.924901
1471,2022-07-25,FlightsClimbed,8.0
1472,2022-07-25,StepCount,7166.0
1473,2022-07-26,DistanceWalkingRunning,5.0841
1474,2022-07-26,FlightsClimbed,13.0
1475,2022-07-26,StepCount,8730.0
1476,2022-07-27,DistanceWalkingRunning,1.91926
1477,2022-07-27,FlightsClimbed,2.0
1478,2022-07-27,StepCount,3144.0
1479,2022-07-28,DistanceWalkingRunning,9.076067
1480,2022-07-28,FlightsClimbed,6.0
1481,2022-07-28,StepCount,9780.0
1482,2022-07-29,DistanceWalkingRunning,7.15117
1483,2022-07-29,FlightsClimbed,16.0
1484,2022-07-29,StepCount,10395.0
1485,2022-07-30,DistanceWalkingRunning,3.606839
1486,2022-07-30,FlightsClimbed,1.0
1487,2022-07-30,StepCount,5203.0
1488,2022-07-31,DistanceWalkingRunning,0.28593999999999997
1489,2022-07-31,StepCount,434.0
1490,2022-08-01,DistanceWalkingRunning,9.18861
1491,2022-08-01,FlightsClimbed,17.0
1492,2022-08-01,StepCount,14588.0
1493,2022-08-02,DistanceWalkingRunning,13.90732
1494,2022-08-02,FlightsClimbed,1.0
1495,2022-08-02,StepCount,13924.0
1496,2022-08-03,DistanceWalkingRunning,8.175712
1497,2022-08-03,FlightsClimbed,18.0
1498,2022-08-03,StepCount,12653.0
1499,2022-08-04,DistanceWalkingRunning,6.313165
1500,2022-08-04,FlightsClimbed,3.0
1501,2022-08-04,StepCount,10624.0
1502,2022-08-05,DistanceWalkingRunning,1.36365
1503,2022-08-05,FlightsClimbed,4.0
1504,2022-08-05,StepCount,2011.0
1505,2022-08-06,DistanceWalkingRunning,3.44205
1506,2022-08-06,FlightsClimbed,3.0
1507,2022-08-06,StepCount,5793.0
1508,2022-08-07,DistanceWalkingRunning,11.050156
1509,2022-08-07,FlightsClimbed,5.0
1510,2022-08-07,StepCount,10710.0
1511,2022-08-08,DistanceWalkingRunning,0.2567517
1512,2022-08-08,StepCount,359.0
1513,2022-08-09,DistanceWalkingRunning,7.6422639
1514,2022-08-09,FlightsClimbed,11.0
1515,2022-08-09,StepCount,11888.0
1516,2022-08-10,DistanceWalkingRunning,8.78222
1517,2022-08-10,FlightsClimbed,26.0
1518,2022-08-10,StepCount,14697.0
1519,2022-08-11,DistanceWalkingRunning,0.24526
1520,2022-08-11,StepCount,367.0
1521,2022-08-12,DistanceWalkingRunning,4.01997
1522,2022-08-12,StepCount,6798.0
1523,2022-08-13,DistanceWalkingRunning,7.912877
1524,2022-08-13,FlightsClimbed,7.0
1525,2022-08-13,StepCount,9877.0
1526,2022-08-14,DistanceWalkingRunning,4.54792
1527,2022-08-14,FlightsClimbed,3.0
1528,2022-08-14,StepCount,7770.0
1529,2022-08-15,DistanceWalkingRunning,6.05467
1530,2022-08-15,FlightsClimbed,3.0
1531,2022-08-15,StepCount,9891.0
1532,2022-08-16,DistanceWalkingRunning,5.00825
1533,2022-08-16,FlightsClimbed,1.0
1534,2022-08-16,StepCount,8562.0
1535,2022-08-17,DistanceWalkingRunning,2.70993
1536,2022-08-17,FlightsClimbed,1.0
1537,2022-08-17,StepCount,4223.0
1538,2022-08-18,DistanceWalkingRunning,4.276787
1539,2022-08-18,FlightsClimbed,4.0
1540,2022-08-18,StepCount,6624.0
1541,2022-08-19,DistanceWalkingRunning,1.45444
1542,2022-08-19,FlightsClimbed,2.0
1543,2022-08-19,StepCount,2455.0
1544,2022-08-20,DistanceWalkingRunning,11.434097
1545,2022-08-20,FlightsClimbed,7.0
1546,2022-08-20,StepCount,12688.0
1547,2022-08-21,DistanceWalkingRunning,0.21915
1548,2022-08-21,StepCount,317.0
1549,2022-08-22,DistanceWalkingRunning,7.53531
1550,2022-08-22,StepCount,11771.0
1551,2022-08-23,DistanceWalkingRunning,0.10993
1552,2022-08-23,StepCount,173.0
1553,2022-08-24,DistanceWalkingRunning,4.1642374
1554,2022-08-24,FlightsClimbed,7.0
1555,2022-08-24,StepCount,6270.0
1556,2022-08-25,DistanceWalkingRunning,5.7897907
1557,2022-08-25,FlightsClimbed,9.0
1558,2022-08-25,StepCount,9451.0
1559,2022-08-26,DistanceWalkingRunning,5.25411
1560,2022-08-26,FlightsClimbed,7.0
1561,2022-08-26,StepCount,9152.0
1562,2022-08-27,DistanceWalkingRunning,5.0458300000000005
1563,2022-08-27,StepCount,8765.0
1564,2022-08-28,DistanceWalkingRunning,5.043124
1565,2022-08-28,FlightsClimbed,3.0
1566,2022-08-28,StepCount,8694.0
1567,2022-08-29,DistanceWalkingRunning,12.3951
1568,2022-08-29,FlightsClimbed,6.0
1569,2022-08-29,StepCount,15743.0
1570,2022-08-30,DistanceWalkingRunning,10.2360452
1571,2022-08-30,FlightsClimbed,6.0
1572,2022-08-30,StepCount,12082.0
1573,2022-08-31,DistanceWalkingRunning,5.35052
1574,2022-08-31,FlightsClimbed,4.0
1575,2022-08-31,StepCount,8152.0
1576,2022-09-01,DistanceWalkingRunning,2.238381
1577,2022-09-01,FlightsClimbed,21.0
1578,2022-09-01,StepCount,3306.0
1579,2022-09-02,DistanceWalkingRunning,2.5141993
1580,2022-09-02,FlightsClimbed,23.0
1581,2022-09-02,StepCount,3816.0
1582,2022-09-03,DistanceWalkingRunning,4.22337
1583,2022-09-03,FlightsClimbed,19.0
1584,2022-09-03,StepCount,6956.0
1585,2022-09-04,DistanceWalkingRunning,11.39265
1586,2022-09-04,FlightsClimbed,6.0
1587,2022-09-04,StepCount,9590.0
1588,2022-09-05,DistanceWalkingRunning,2.9187877
1589,2022-09-05,FlightsClimbed,16.0
1590,2022-09-05,StepCount,4737.0
1591,2022-09-06,DistanceWalkingRunning,4.12739
1592,2022-09-06,FlightsClimbed,22.0
1593,2022-09-06,StepCount,6751.0
1594,2022-09-07,DistanceWalkingRunning,6.709232
1595,2022-09-07,FlightsClimbed,46.0
1596,2022-09-07,StepCount,10785.0
1597,2022-09-08,DistanceWalkingRunning,5.93527
1598,2022-09-08,FlightsClimbed,24.0
1599,2022-09-08,StepCount,9825.0
1600,2022-09-09,DistanceWalkingRunning,3.44297
1601,2022-09-09,FlightsClimbed,20.0
1602,2022-09-09,StepCount,5516.0
1603,2022-09-10,DistanceWalkingRunning,1.75614
1604,2022-09-10,StepCount,2828.0
1605,2022-09-11,DistanceWalkingRunning,1.80471
1606,2022-09-11,FlightsClimbed,3.0
1607,2022-09-11,StepCount,3132.0
1608,2022-09-12,DistanceWalkingRunning,5.98342
1609,2022-09-12,FlightsClimbed,16.0
1610,2022-09-12,StepCount,10019.0
1611,2022-09-13,DistanceWalkingRunning,2.46395
1612,2022-09-13,FlightsClimbed,27.0
1613,2022-09-13,StepCount,4214.0
1614,2022-09-14,DistanceWalkingRunning,4.83298
1615,2022-09-14,FlightsClimbed,9.0
1616,2022-09-14,StepCount,8333.0
1617,2022-09-15,ActiveEnergyBurned,168.026
1618,2022-09-15,BasalEnergyBurned,686.749
1619,2022-09-15,DistanceWalkingRunning,3.044406
1620,2022-09-15,FlightsClimbed,18.0
1621,2022-09-15,StepCount,4869.0
1622,2022-09-16,ActiveEnergyBurned,5.615
1623,2022-09-16,BasalEnergyBurned,1667.243
1624,2022-09-16,DistanceWalkingRunning,0.22142
1625,2022-09-16,StepCount,312.0
1626,2022-09-17,ActiveEnergyBurned,141.263
1627,2022-09-17,BasalEnergyBurned,1641.928
1628,2022-09-17,DistanceWalkingRunning,2.874153
1629,2022-09-17,FlightsClimbed,14.0
1630,2022-09-17,StepCount,4239.0
1631,2022-09-18,ActiveEnergyBurned,67.968
1632,2022-09-18,BasalEnergyBurned,1658.187
1633,2022-09-18,DistanceWalkingRunning,1.78983
1634,2022-09-18,StepCount,2776.0
1635,2022-09-19,ActiveEnergyBurned,94.986
1636,2022-09-19,BasalEnergyBurned,1670.586
1637,2022-09-19,DistanceWalkingRunning,1.920642
1638,2022-09-19,FlightsClimbed,13.0
1639,2022-09-19,StepCount,2744.0
1640,2022-09-20,ActiveEnergyBurned,146.764
1641,2022-09-20,BasalEnergyBurned,1652.926
1642,2022-09-20,DistanceWalkingRunning,2.46096
1643,2022-09-20,FlightsClimbed,22.0
1644,2022-09-20,StepCount,3595.0
1645,2022-09-21,ActiveEnergyBurned,355.549
1646,2022-09-21,BasalEnergyBurned,1659.0040000000001
1647,2022-09-21,DistanceWalkingRunning,8.29938
1648,2022-09-21,FlightsClimbed,16.0
1649,2022-09-21,StepCount,10408.0
1650,2022-09-22,ActiveEnergyBurned,111.226
1651,2022-09-22,BasalEnergyBurned,1638.182
1652,2022-09-22,DistanceWalkingRunning,2.08869
1653,2022-09-22,FlightsClimbed,15.0
1654,2022-09-22,StepCount,3120.0
1655,2022-09-23,ActiveEnergyBurned,221.834
1656,2022-09-23,BasalEnergyBurned,1675.934
1657,2022-09-23,DistanceWalkingRunning,4.017423
1658,2022-09-23,FlightsClimbed,27.0
1659,2022-09-23,StepCount,5964.0
1660,2022-09-24,ActiveEnergyBurned,284.783
1661,2022-09-24,BasalEnergyBurned,1650.478
1662,2022-09-24,DistanceWalkingRunning,7.07541
1663,2022-09-24,FlightsClimbed,17.0
1664,2022-09-24,StepCount,11035.0
1665,2022-09-25,ActiveEnergyBurned,251.532
1666,2022-09-25,BasalEnergyBurned,1645.711
1667,2022-09-25,DistanceWalkingRunning,7.01271
1668,2022-09-25,FlightsClimbed,8.0
1669,2022-09-25,StepCount,10650.0
1670,2022-09-26,ActiveEnergyBurned,216.21099999999998
1671,2022-09-26,BasalEnergyBurned,1673.728
1672,2022-09-26,DistanceWalkingRunning,4.131496
1673,2022-09-26,FlightsClimbed,26.0
1674,2022-09-26,StepCount,6236.0
1675,2022-09-27,ActiveEnergyBurned,133.093
1676,2022-09-27,BasalEnergyBurned,1663.954
1677,2022-09-27,DistanceWalkingRunning,2.42337
1678,2022-09-27,FlightsClimbed,18.0
1679,2022-09-27,StepCount,3616.0
1680,2022-09-28,ActiveEnergyBurned,156.864
1681,2022-09-28,BasalEnergyBurned,1661.953
1682,2022-09-28,DistanceWalkingRunning,3.073818
1683,2022-09-28,FlightsClimbed,18.0
1684,2022-09-28,StepCount,3894.0
1685,2022-09-29,ActiveEnergyBurned,55.765
1686,2022-09-29,BasalEnergyBurned,1639.526
1687,2022-09-29,DistanceWalkingRunning,1.5423534
1688,2022-09-29,StepCount,1949.0
1689,2022-09-30,ActiveEnergyBurned,534.389
1690,2022-09-30,BasalEnergyBurned,1663.54
1691,2022-09-30,DistanceWalkingRunning,10.016572
1692,2022-09-30,FlightsClimbed,23.0
1693,2022-09-30,StepCount,10335.0
1694,2022-10-01,ActiveEnergyBurned,175.337
1695,2022-10-01,BasalEnergyBurned,1671.429
1696,2022-10-01,DistanceWalkingRunning,5.11601
1697,2022-10-01,StepCount,6496.0
1698,2022-10-02,ActiveEnergyBurned,166.836
1699,2022-10-02,BasalEnergyBurned,1668.265
1700,2022-10-02,DistanceWalkingRunning,4.073854
1701,2022-10-02,FlightsClimbed,9.0
1702,2022-10-02,StepCount,5450.0
1703,2022-10-03,ActiveEnergyBurned,4.89
1704,2022-10-03,BasalEnergyBurned,1644.6
1705,2022-10-03,DistanceWalkingRunning,0.26216
1706,2022-10-03,StepCount,342.0
1707,2022-10-04,ActiveEnergyBurned,8.002
1708,2022-10-04,BasalEnergyBurned,1642.7350000000001
1709,2022-10-04,DistanceWalkingRunning,0.47282
1710,2022-10-04,StepCount,625.0
1711,2022-10-05,ActiveEnergyBurned,1.198
1712,2022-10-05,BasalEnergyBurned,1669.993
1713,2022-10-05,DistanceWalkingRunning,0.04708
1714,2022-10-05,StepCount,63.0
1715,2022-10-06,ActiveEnergyBurned,88.649
1716,2022-10-06,BasalEnergyBurned,1660.963
1717,2022-10-06,DistanceWalkingRunning,1.8038
1718,2022-10-06,FlightsClimbed,8.0
1719,2022-10-06,StepCount,2601.0
1720,2022-10-07,ActiveEnergyBurned,2.798
1721,2022-10-07,BasalEnergyBurned,1653.281
1722,2022-10-07,DistanceWalkingRunning,0.16976
1723,2022-10-07,StepCount,228.0
1724,2022-10-08,ActiveEnergyBurned,3.689
1725,2022-10-08,BasalEnergyBurned,1577.214
1726,2022-10-08,DistanceWalkingRunning,0.15166
1727,2022-10-08,StepCount,201.0
1728,2022-10-09,ActiveEnergyBurned,97.792
1729,2022-10-09,BasalEnergyBurned,1662.4650000000001
1730,2022-10-09,DistanceWalkingRunning,3.28269
1731,2022-10-09,FlightsClimbed,1.0
1732,2022-10-09,StepCount,5029.0
1733,2022-10-10,ActiveEnergyBurned,5.45
1734,2022-10-10,BasalEnergyBurned,1645.006
1735,2022-10-10,DistanceWalkingRunning,0.2848
1736,2022-10-10,StepCount,376.0
1737,2022-10-11,ActiveEnergyBurned,453.431
1738,2022-10-11,BasalEnergyBurned,1672.448
1739,2022-10-11,DistanceWalkingRunning,8.8301
1740,2022-10-11,FlightsClimbed,38.0
1741,2022-10-11,StepCount,11412.0
1742,2022-10-12,ActiveEnergyBurned,95.575
1743,2022-10-12,BasalEnergyBurned,1668.344
1744,2022-10-12,DistanceWalkingRunning,1.9635550000000002
1745,2022-10-12,FlightsClimbed,13.0
1746,2022-10-12,StepCount,2781.0
1747,2022-10-13,ActiveEnergyBurned,126.643
1748,2022-10-13,BasalEnergyBurned,1660.243
1749,2022-10-13,DistanceWalkingRunning,2.39272
1750,2022-10-13,FlightsClimbed,18.0
1751,2022-10-13,StepCount,3659.0
1752,2022-10-14,ActiveEnergyBurned,327.805
1753,2022-10-14,BasalEnergyBurned,1658.306
1754,2022-10-14,DistanceWalkingRunning,6.059137
1755,2022-10-14,FlightsClimbed,42.0
1756,2022-10-14,StepCount,9039.0
1757,2022-10-15,ActiveEnergyBurned,94.377
1758,2022-10-15,BasalEnergyBurned,1655.583
1759,2022-10-15,DistanceWalkingRunning,2.01534
1760,2022-10-15,FlightsClimbed,13.0
1761,2022-10-15,StepCount,3050.0
1762,2022-10-16,ActiveEnergyBurned,63.558
1763,2022-10-16,BasalEnergyBurned,1674.512
1764,2022-10-16,DistanceWalkingRunning,1.59893
1765,2022-10-16,FlightsClimbed,1.0
1766,2022-10-16,StepCount,2300.0
1767,2022-10-17,ActiveEnergyBurned,74.934
1768,2022-10-17,BasalEnergyBurned,1658.161
1769,2022-10-17,DistanceWalkingRunning,1.46022
1770,2022-10-17,FlightsClimbed,9.0
1771,2022-10-17,StepCount,2230.0
1772,2022-10-18,ActiveEnergyBurned,113.374
1773,2022-10-18,BasalEnergyBurned,1664.747
1774,2022-10-18,DistanceWalkingRunning,2.15309
1775,2022-10-18,FlightsClimbed,13.0
1776,2022-10-18,StepCount,3170.0
1777,2022-10-19,ActiveEnergyBurned,107.481
1778,2022-10-19,BasalEnergyBurned,1661.982
1779,2022-10-19,DistanceWalkingRunning,2.07123
1780,2022-10-19,FlightsClimbed,12.0
1781,2022-10-19,StepCount,3061.0
1782,2022-10-20,ActiveEnergyBurned,147.975
1783,2022-10-20,BasalEnergyBurned,1669.164
1784,2022-10-20,DistanceWalkingRunning,2.70339
1785,2022-10-20,FlightsClimbed,16.0
1786,2022-10-20,StepCount,3519.0
1787,2022-10-21,ActiveEnergyBurned,94.999
1788,2022-10-21,BasalEnergyBurned,1662.567
1789,2022-10-21,DistanceWalkingRunning,1.9866920000000001
1790,2022-10-21,FlightsClimbed,9.0
1791,2022-10-21,StepCount,2571.0
1792,2022-10-22,ActiveEnergyBurned,113.426
1793,2022-10-22,BasalEnergyBurned,1647.54
1794,2022-10-22,DistanceWalkingRunning,2.0416932
1795,2022-10-22,FlightsClimbed,12.0
1796,2022-10-22,StepCount,2579.0
1797,2022-10-23,ActiveEnergyBurned,2.916
1798,2022-10-23,BasalEnergyBurned,1666.273
1799,2022-10-23,DistanceWalkingRunning,0.1806
1800,2022-10-23,StepCount,243.0
1801,2022-10-24,ActiveEnergyBurned,146.43
1802,2022-10-24,BasalEnergyBurned,1671.075
1803,2022-10-24,DistanceWalkingRunning,2.9309
1804,2022-10-24,FlightsClimbed,14.0
1805,2022-10-24,StepCount,3800.0
1806,2022-10-25,ActiveEnergyBurned,126.787
1807,2022-10-25,BasalEnergyBurned,1653.581
1808,2022-10-25,DistanceWalkingRunning,2.34483
1809,2022-10-25,FlightsClimbed,13.0
1810,2022-10-25,StepCount,2902.0
1811,2022-10-26,ActiveEnergyBurned,134.08700000000002
1812,2022-10-26,BasalEnergyBurned,1662.786
1813,2022-10-26,DistanceWalkingRunning,2.42245
1814,2022-10-26,FlightsClimbed,15.0
1815,2022-10-26,StepCount,2907.0
1816,2022-10-27,ActiveEnergyBurned,40.141999999999996
1817,2022-10-27,BasalEnergyBurned,1671.522
1818,2022-10-27,DistanceWalkingRunning,0.97483
1819,2022-10-27,FlightsClimbed,2.0
1820,2022-10-27,StepCount,1200.0
1821,2022-10-28,ActiveEnergyBurned,274.423
1822,2022-10-28,BasalEnergyBurned,1672.3990000000001
1823,2022-10-28,DistanceWalkingRunning,4.49167
1824,2022-10-28,FlightsClimbed,37.0
1825,2022-10-28,StepCount,5580.0
1826,2022-10-29,ActiveEnergyBurned,145.706
1827,2022-10-29,BasalEnergyBurned,1673.4460000000001
1828,2022-10-29,DistanceWalkingRunning,3.34901
1829,2022-10-29,FlightsClimbed,12.0
1830,2022-10-29,StepCount,4549.0
1831,2022-10-30,ActiveEnergyBurned,541.1320000000001
1832,2022-10-30,BasalEnergyBurned,1662.121
1833,2022-10-30,DistanceWalkingRunning,11.856503
1834,2022-10-30,FlightsClimbed,14.0
1835,2022-10-30,StepCount,13040.0
1836,2022-10-31,ActiveEnergyBurned,239.257
1837,2022-10-31,BasalEnergyBurned,1639.648
1838,2022-10-31,DistanceWalkingRunning,4.42856
1839,2022-10-31,FlightsClimbed,27.0
1840,2022-10-31,StepCount,5310.0
1841,2022-11-01,ActiveEnergyBurned,407.293
1842,2022-11-01,BasalEnergyBurned,1681.879
1843,2022-11-01,DistanceWalkingRunning,8.20614
1844,2022-11-01,FlightsClimbed,19.0
1845,2022-11-01,StepCount,9594.0
1846,2022-11-02,ActiveEnergyBurned,112.904
1847,2022-11-02,BasalEnergyBurned,1651.671
1848,2022-11-02,DistanceWalkingRunning,2.2281
1849,2022-11-02,FlightsClimbed,9.0
1850,2022-11-02,StepCount,2789.0
1851,2022-11-03,ActiveEnergyBurned,87.936
1852,2022-11-03,BasalEnergyBurned,1666.784
1853,2022-11-03,DistanceWalkingRunning,2.03098
1854,2022-11-03,FlightsClimbed,9.0
1855,2022-11-03,StepCount,2812.0
1856,2022-11-04,ActiveEnergyBurned,118.656
1857,2022-11-04,BasalEnergyBurned,1665.097
1858,2022-11-04,DistanceWalkingRunning,2.23698
1859,2022-11-04,FlightsClimbed,14.0
1860,2022-11-04,StepCount,2875.0
1861,2022-11-05,ActiveEnergyBurned,136.611
1862,2022-11-05,BasalEnergyBurned,1661.57
1863,2022-11-05,DistanceWalkingRunning,2.48339
1864,2022-11-05,FlightsClimbed,19.0
1865,2022-11-05,StepCount,3014.0
1866,2022-11-06,ActiveEnergyBurned,121.396
1867,2022-11-06,BasalEnergyBurned,1658.52
1868,2022-11-06,DistanceWalkingRunning,3.45399
1869,2022-11-06,FlightsClimbed,2.0
1870,2022-11-06,StepCount,4160.0
1871,2022-11-07,ActiveEnergyBurned,1.569
1872,2022-11-07,BasalEnergyBurned,1665.399
1873,2022-11-07,DistanceWalkingRunning,0.10475999999999999
1874,2022-11-07,StepCount,134.0
1875,2022-11-08,ActiveEnergyBurned,86.44800000000001
1876,2022-11-08,BasalEnergyBurned,1669.465
1877,2022-11-08,DistanceWalkingRunning,1.92615
1878,2022-11-08,FlightsClimbed,8.0
1879,2022-11-08,StepCount,2680.0
1880,2022-11-09,ActiveEnergyBurned,346.15999999999997
1881,2022-11-09,BasalEnergyBurned,1631.781
1882,2022-11-09,DistanceWalkingRunning,6.67696
1883,2022-11-09,FlightsClimbed,28.0
1884,2022-11-09,StepCount,8399.0
1885,2022-11-10,ActiveEnergyBurned,101.543
1886,2022-11-10,BasalEnergyBurned,1648.85
1887,2022-11-10,DistanceWalkingRunning,1.81701
1888,2022-11-10,FlightsClimbed,12.0
1889,2022-11-10,StepCount,2232.0
1890,2022-11-11,ActiveEnergyBurned,135.747
1891,2022-11-11,BasalEnergyBurned,1672.787
1892,2022-11-11,DistanceWalkingRunning,2.4548124
1893,2022-11-11,FlightsClimbed,18.0
1894,2022-11-11,StepCount,3060.0
1895,2022-11-12,ActiveEnergyBurned,281.548
1896,2022-11-12,BasalEnergyBurned,1672.409
1897,2022-11-12,DistanceWalkingRunning,6.86041
1898,2022-11-12,FlightsClimbed,13.0
1899,2022-11-12,StepCount,8484.0
1900,2022-11-13,ActiveEnergyBurned,119.36
1901,2022-11-13,BasalEnergyBurned,1653.239
1902,2022-11-13,DistanceWalkingRunning,3.52077
1903,2022-11-13,StepCount,4272.0
1904,2022-11-14,ActiveEnergyBurned,372.283
1905,2022-11-14,BasalEnergyBurned,1668.49
1906,2022-11-14,DistanceWalkingRunning,7.54948
1907,2022-11-14,FlightsClimbed,35.0
1908,2022-11-14,StepCount,9067.0
1909,2022-11-15,ActiveEnergyBurned,104.1
1910,2022-11-15,BasalEnergyBurned,1667.431
1911,2022-11-15,DistanceWalkingRunning,1.9251
1912,2022-11-15,FlightsClimbed,12.0
1913,2022-11-15,StepCount,2594.0
1914,2022-11-16,ActiveEnergyBurned,140.706
1915,2022-11-16,BasalEnergyBurned,1652.96
1916,2022-11-16,DistanceWalkingRunning,2.63315
1917,2022-11-16,FlightsClimbed,12.0
1918,2022-11-16,StepCount,3295.0
1919,2022-11-17,ActiveEnergyBurned,132.488
1920,2022-11-17,BasalEnergyBurned,1680.338
1921,2022-11-17,DistanceWalkingRunning,2.55719
1922,2022-11-17,FlightsClimbed,14.0
1923,2022-11-17,StepCount,3484.0
1924,2022-11-18,ActiveEnergyBurned,268.653
1925,2022-11-18,BasalEnergyBurned,1675.996
1926,2022-11-18,DistanceWalkingRunning,5.7061
1927,2022-11-18,FlightsClimbed,20.0
1928,2022-11-18,StepCount,7483.0
1929,2022-11-19,ActiveEnergyBurned,89.24900000000001
1930,2022-11-19,BasalEnergyBurned,1618.2240000000002
1931,2022-11-19,DistanceWalkingRunning,5.0459000000000005
1932,2022-11-19,FlightsClimbed,7.0
1933,2022-11-19,StepCount,6659.0
1934,2022-11-20,ActiveEnergyBurned,2.31
1935,2022-11-20,BasalEnergyBurned,1709.5520000000001
1936,2022-11-20,DistanceWalkingRunning,0.15277
1937,2022-11-20,FlightsClimbed,1.0
1938,2022-11-20,StepCount,214.0
1939,2022-11-21,ActiveEnergyBurned,133.55
1940,2022-11-21,BasalEnergyBurned,1680.131
1941,2022-11-21,DistanceWalkingRunning,2.261898
1942,2022-11-21,FlightsClimbed,13.0
1943,2022-11-21,StepCount,3010.0
1944,2022-11-22,ActiveEnergyBurned,121.612
1945,2022-11-22,BasalEnergyBurned,1688.842
1946,2022-11-22,DistanceWalkingRunning,2.385944
1947,2022-11-22,FlightsClimbed,15.0
1948,2022-11-22,StepCount,3257.0
1949,2022-11-23,ActiveEnergyBurned,103.04299999999999
1950,2022-11-23,BasalEnergyBurned,1674.337
1951,2022-11-23,DistanceWalkingRunning,1.80488
1952,2022-11-23,FlightsClimbed,11.0
1953,2022-11-23,StepCount,2233.0
1954,2022-11-24,ActiveEnergyBurned,78.89999999999999
1955,2022-11-24,BasalEnergyBurned,1656.531
1956,2022-11-24,DistanceWalkingRunning,1.6215
1957,2022-11-24,FlightsClimbed,10.0
1958,2022-11-24,StepCount,2300.0
1959,2022-11-25,ActiveEnergyBurned,120.73
1960,2022-11-25,BasalEnergyBurned,1657.438
1961,2022-11-25,DistanceWalkingRunning,3.1212
1962,2022-11-25,FlightsClimbed,3.0
1963,2022-11-25,StepCount,3887.0
1964,2022-11-26,ActiveEnergyBurned,99.458
1965,2022-11-26,BasalEnergyBurned,1683.137
1966,2022-11-26,DistanceWalkingRunning,2.2845
1967,2022-11-26,FlightsClimbed,9.0
1968,2022-11-26,StepCount,2998.0
1969,2022-11-27,ActiveEnergyBurned,108.783
1970,2022-11-27,BasalEnergyBurned,1661.957
1971,2022-11-27,DistanceWalkingRunning,3.34882
1972,2022-11-27,FlightsClimbed,3.0
1973,2022-11-27,StepCount,4195.0
1974,2022-11-28,ActiveEnergyBurned,158.71
1975,2022-11-28,BasalEnergyBurned,1674.9080000000001
1976,2022-11-28,DistanceWalkingRunning,3.39855
1977,2022-11-28,FlightsClimbed,10.0
1978,2022-11-28,StepCount,4291.0
1979,2022-11-29,ActiveEnergyBurned,152.034
1980,2022-11-29,BasalEnergyBurned,1658.597
1981,2022-11-29,DistanceWalkingRunning,2.977378
1982,2022-11-29,FlightsClimbed,18.0
1983,2022-11-29,StepCount,4118.0
1984,2022-11-30,ActiveEnergyBurned,235.902
1985,2022-11-30,BasalEnergyBurned,1679.7050000000002
1986,2022-11-30,DistanceWalkingRunning,4.7687
1987,2022-11-30,FlightsClimbed,21.0
1988,2022-11-30,StepCount,6176.0
1989,2022-12-01,ActiveEnergyBurned,104.745
1990,2022-12-01,BasalEnergyBurned,1686.768
1991,2022-12-01,DistanceWalkingRunning,2.21566
1992,2022-12-01,FlightsClimbed,7.0
1993,2022-12-01,StepCount,2938.0
1994,2022-12-02,ActiveEnergyBurned,173.379
1995,2022-12-02,BasalEnergyBurned,1633.94
1996,2022-12-02,DistanceWalkingRunning,4.55411
1997,2022-12-02,FlightsClimbed,4.0
1998,2022-12-02,StepCount,5746.0
1999,2022-12-03,ActiveEnergyBurned,156.562
2000,2022-12-03,BasalEnergyBurned,1672.914
2001,2022-12-03,DistanceWalkingRunning,3.4103581
2002,2022-12-03,FlightsClimbed,12.0
2003,2022-12-03,StepCount,4433.0
2004,2022-12-04,ActiveEnergyBurned,170.623
2005,2022-12-04,BasalEnergyBurned,1703.123
2006,2022-12-04,DistanceWalkingRunning,4.68219
2007,2022-12-04,FlightsClimbed,3.0
2008,2022-12-04,StepCount,6185.0
2009,2022-12-05,ActiveEnergyBurned,96.06
2010,2022-12-05,BasalEnergyBurned,1653.781
2011,2022-12-05,DistanceWalkingRunning,2.19497
2012,2022-12-05,FlightsClimbed,7.0
2013,2022-12-05,StepCount,2819.0
2014,2022-12-06,ActiveEnergyBurned,89.40899999999999
2015,2022-12-06,BasalEnergyBurned,1646.625
2016,2022-12-06,DistanceWalkingRunning,1.69354
2017,2022-12-06,FlightsClimbed,10.0
2018,2022-12-06,StepCount,2312.0
2019,2022-12-07,ActiveEnergyBurned,1.326
2020,2022-12-07,BasalEnergyBurned,1639.9170000000001
2021,2022-12-07,DistanceWalkingRunning,0.0857
2022,2022-12-07,StepCount,115.0
2023,2022-12-08,ActiveEnergyBurned,2.054
2024,2022-12-08,BasalEnergyBurned,1708.231
2025,2022-12-08,DistanceWalkingRunning,0.14324
2026,2022-12-08,StepCount,194.0
2027,2022-12-09,ActiveEnergyBurned,147.848
2028,2022-12-09,BasalEnergyBurned,1646.374
2029,2022-12-09,DistanceWalkingRunning,4.31588
2030,2022-12-09,FlightsClimbed,1.0
2031,2022-12-09,StepCount,5536.0
2032,2022-12-10,ActiveEnergyBurned,168.387
2033,2022-12-10,BasalEnergyBurned,1735.46
2034,2022-12-10,DistanceWalkingRunning,4.76429
2035,2022-12-10,FlightsClimbed,3.0
2036,2022-12-10,StepCount,6035.0
2037,2022-12-11,ActiveEnergyBurned,1.452
2038,2022-12-11,BasalEnergyBurned,1641.882
2039,2022-12-11,DistanceWalkingRunning,0.06962
2040,2022-12-11,StepCount,95.0
2041,2022-12-12,ActiveEnergyBurned,107.86500000000001
2042,2022-12-12,BasalEnergyBurned,1708.106
2043,2022-12-12,DistanceWalkingRunning,2.17485
2044,2022-12-12,FlightsClimbed,11.0
2045,2022-12-12,StepCount,2962.0
2046,2022-12-13,ActiveEnergyBurned,145.233
2047,2022-12-13,BasalEnergyBurned,1647.169
2048,2022-12-13,DistanceWalkingRunning,2.6474100000000003
2049,2022-12-13,FlightsClimbed,20.0
2050,2022-12-13,StepCount,3765.0
2051,2022-12-14,ActiveEnergyBurned,121.901
2052,2022-12-14,BasalEnergyBurned,1702.68
2053,2022-12-14,DistanceWalkingRunning,2.48151
2054,2022-12-14,FlightsClimbed,13.0
2055,2022-12-14,StepCount,3338.0
2056,2022-12-15,ActiveEnergyBurned,119.22
2057,2022-12-15,BasalEnergyBurned,1661.727
2058,2022-12-15,DistanceWalkingRunning,2.43861
2059,2022-12-15,FlightsClimbed,10.0
2060,2022-12-15,StepCount,3320.0
2061,2022-12-16,ActiveEnergyBurned,394.36
2062,2022-12-16,BasalEnergyBurned,1687.605
2063,2022-12-16,DistanceWalkingRunning,8.373240000000001
2064,2022-12-16,FlightsClimbed,29.0
2065,2022-12-16,StepCount,10671.0
2066,2022-12-17,ActiveEnergyBurned,102.786
2067,2022-12-17,BasalEnergyBurned,1625.2730000000001
2068,2022-12-17,DistanceWalkingRunning,1.93912
2069,2022-12-17,FlightsClimbed,14.0
2070,2022-12-17,StepCount,2582.0
2071,2022-12-18,ActiveEnergyBurned,4.312
2072,2022-12-18,BasalEnergyBurned,1728.2730000000001
2073,2022-12-18,DistanceWalkingRunning,0.21691
2074,2022-12-18,StepCount,296.0
2075,2022-12-19,ActiveEnergyBurned,105.57499999999999
2076,2022-12-19,BasalEnergyBurned,1654.28
2077,2022-12-19,DistanceWalkingRunning,2.22634
2078,2022-12-19,FlightsClimbed,9.0
2079,2022-12-19,StepCount,2801.0
2080,2022-12-20,ActiveEnergyBurned,136.287
2081,2022-12-20,BasalEnergyBurned,1687.72
2082,2022-12-20,DistanceWalkingRunning,2.66661
2083,2022-12-20,FlightsClimbed,16.0
2084,2022-12-20,StepCount,3692.0
2085,2022-12-21,ActiveEnergyBurned,109.436
2086,2022-12-21,BasalEnergyBurned,1684.354
2087,2022-12-21,DistanceWalkingRunning,2.19605
2088,2022-12-21,FlightsClimbed,9.0
2089,2022-12-21,StepCount,2775.0
2090,2022-12-22,ActiveEnergyBurned,99.555
2091,2022-12-22,BasalEnergyBurned,1657.046
2092,2022-12-22,DistanceWalkingRunning,2.721858
2093,2022-12-22,FlightsClimbed,15.0
2094,2022-12-22,StepCount,3495.0
2095,2022-12-23,ActiveEnergyBurned,155.237
2096,2022-12-23,BasalEnergyBurned,1692.851
2097,2022-12-23,DistanceWalkingRunning,3.138128
2098,2022-12-23,FlightsClimbed,18.0
2099,2022-12-23,StepCount,4051.0
2100,2022-12-24,ActiveEnergyBurned,136.281
2101,2022-12-24,BasalEnergyBurned,1633.892
2102,2022-12-24,DistanceWalkingRunning,3.90929
2103,2022-12-24,FlightsClimbed,3.0
2104,2022-12-24,StepCount,4804.0
2105,2022-12-25,ActiveEnergyBurned,3.895
2106,2022-12-25,BasalEnergyBurned,1690.396
2107,2022-12-25,DistanceWalkingRunning,0.21121
2108,2022-12-25,StepCount,277.0
2109,2022-12-26,ActiveEnergyBurned,95.441
2110,2022-12-26,BasalEnergyBurned,1705.039
2111,2022-12-26,DistanceWalkingRunning,2.640127
2112,2022-12-26,FlightsClimbed,3.0
2113,2022-12-26,StepCount,3602.0
2114,2022-12-27,ActiveEnergyBurned,114.677
2115,2022-12-27,BasalEnergyBurned,1660.027
2116,2022-12-27,DistanceWalkingRunning,2.122677
2117,2022-12-27,FlightsClimbed,11.0
2118,2022-12-27,StepCount,2849.0
2119,2022-12-28,ActiveEnergyBurned,36.663
2120,2022-12-28,BasalEnergyBurned,1664.614
2121,2022-12-28,DistanceWalkingRunning,1.019194
2122,2022-12-28,FlightsClimbed,1.0
2123,2022-12-28,StepCount,1346.0
2124,2022-12-29,ActiveEnergyBurned,265.168
2125,2022-12-29,BasalEnergyBurned,1701.044
2126,2022-12-29,DistanceWalkingRunning,7.59143
2127,2022-12-29,StepCount,9652.0
2128,2022-12-30,ActiveEnergyBurned,0.7590000000000001
2129,2022-12-30,BasalEnergyBurned,916.95
2130,2022-12-30,DistanceWalkingRunning,0.053520000000000005
2131,2022-12-30,StepCount,70.0
